uid,入室時刻,デバイス,HTTP_USER_AGENT
"loadtest_0",2014/09/03 21:06:25,pc,"Mozilla/5.0 (Macintosh; Intel Mac OS X 10_9_4) AppleWebKit/537.78.2 (KHTML, like Gecko) Version/7.0.6 Safari/537.78.2"
"loadtest_0",2014/09/03 21:26:14,pc,"Mozilla/5.0 (Windows NT 6.3; WOW64) AppleWebKit/537.36 (KHTML, like Gecko) Chrome/37.0.2062.103 Safari/537.36"
"loadtest_0",2014/09/03 21:26:45,pc,"Mozilla/5.0 (Windows NT 6.3; WOW64) AppleWebKit/537.36 (KHTML, like Gecko) Chrome/37.0.2062.103 Safari/537.36"
"loadtest_0",2014/09/04 09:13:35,pc,"Mozilla/5.0 (Windows NT 6.1; WOW64; rv:32.0) Gecko/20100101 Firefox/32.0"
"loadtest_0",2014/09/04 09:26:32,pc,"Mozilla/5.0 (Windows NT 6.1; WOW64; rv:32.0) Gecko/20100101 Firefox/32.0"
"loadtest_0",2014/09/04 11:16:02,pc,"Mozilla/5.0 (Windows NT 6.1; WOW64; rv:32.0) Gecko/20100101 Firefox/32.0"
"loadtest_0",2014/09/04 11:52:50,pc,"Mozilla/5.0 (Windows NT 6.1; WOW64; rv:32.0) Gecko/20100101 Firefox/32.0"
"loadtest_0",2014/09/04 12:45:42,pc,"Mozilla/5.0 (Windows NT 6.1; WOW64; rv:32.0) Gecko/20100101 Firefox/32.0"
"loadtest_0",2014/09/04 15:20:53,pc,"Mozilla/5.0 (Windows NT 6.1; WOW64; rv:32.0) Gecko/20100101 Firefox/32.0"
"loadtest_0",2014/09/04 15:36:23,pc,"Mozilla/5.0 (Windows NT 6.1; WOW64; rv:32.0) Gecko/20100101 Firefox/32.0"
"loadtest_1",2014/09/03 21:06:25,pc,"Mozilla/5.0 (Macintosh; Intel Mac OS X 10_9_4) AppleWebKit/537.78.2 (KHTML, like Gecko) Version/7.0.6 Safari/537.78.2"
"loadtest_1",2014/09/03 21:26:14,pc,"Mozilla/5.0 (Windows NT 6.3; WOW64) AppleWebKit/537.36 (KHTML, like Gecko) Chrome/37.0.2062.103 Safari/537.36"
"loadtest_1",2014/09/03 21:26:45,pc,"Mozilla/5.0 (Windows NT 6.3; WOW64) AppleWebKit/537.36 (KHTML, like Gecko) Chrome/37.0.2062.103 Safari/537.36"
"loadtest_1",2014/09/04 09:13:35,pc,"Mozilla/5.0 (Windows NT 6.1; WOW64; rv:32.0) Gecko/20100101 Firefox/32.0"
"loadtest_1",2014/09/04 09:26:32,pc,"Mozilla/5.0 (Windows NT 6.1; WOW64; rv:32.0) Gecko/20100101 Firefox/32.0"
"loadtest_1",2014/09/04 11:16:02,pc,"Mozilla/5.0 (Windows NT 6.1; WOW64; rv:32.0) Gecko/20100101 Firefox/32.0"
"loadtest_1",2014/09/04 11:52:50,pc,"Mozilla/5.0 (Windows NT 6.1; WOW64; rv:32.0) Gecko/20100101 Firefox/32.0"
"loadtest_1",2014/09/04 12:45:42,pc,"Mozilla/5.0 (Windows NT 6.1; WOW64; rv:32.0) Gecko/20100101 Firefox/32.0"
"loadtest_1",2014/09/04 15:20:53,pc,"Mozilla/5.0 (Windows NT 6.1; WOW64; rv:32.0) Gecko/20100101 Firefox/32.0"
"loadtest_1",2014/09/04 15:36:23,pc,"Mozilla/5.0 (Windows NT 6.1; WOW64; rv:32.0) Gecko/20100101 Firefox/32.0"
"loadtest_2",2014/09/03 21:06:25,pc,"Mozilla/5.0 (Macintosh; Intel Mac OS X 10_9_4) AppleWebKit/537.78.2 (KHTML, like Gecko) Version/7.0.6 Safari/537.78.2"
"loadtest_2",2014/09/03 21:26:14,pc,"Mozilla/5.0 (Windows NT 6.3; WOW64) AppleWebKit/537.36 (KHTML, like Gecko) Chrome/37.0.2062.103 Safari/537.36"
"loadtest_2",2014/09/03 21:26:45,pc,"Mozilla/5.0 (Windows NT 6.3; WOW64) AppleWebKit/537.36 (KHTML, like Gecko) Chrome/37.0.2062.103 Safari/537.36"
"loadtest_2",2014/09/04 09:13:35,pc,"Mozilla/5.0 (Windows NT 6.1; WOW64; rv:32.0) Gecko/20100101 Firefox/32.0"
"loadtest_2",2014/09/04 09:26:32,pc,"Mozilla/5.0 (Windows NT 6.1; WOW64; rv:32.0) Gecko/20100101 Firefox/32.0"
"loadtest_2",2014/09/04 11:16:02,pc,"Mozilla/5.0 (Windows NT 6.1; WOW64; rv:32.0) Gecko/20100101 Firefox/32.0"
"loadtest_2",2014/09/04 11:52:50,pc,"Mozilla/5.0 (Windows NT 6.1; WOW64; rv:32.0) Gecko/20100101 Firefox/32.0"
"loadtest_2",2014/09/04 12:45:42,pc,"Mozilla/5.0 (Windows NT 6.1; WOW64; rv:32.0) Gecko/20100101 Firefox/32.0"
"loadtest_2",2014/09/04 15:20:53,pc,"Mozilla/5.0 (Windows NT 6.1; WOW64; rv:32.0) Gecko/20100101 Firefox/32.0"
"loadtest_2",2014/09/04 15:36:23,pc,"Mozilla/5.0 (Windows NT 6.1; WOW64; rv:32.0) Gecko/20100101 Firefox/32.0"
"loadtest_3",2014/09/03 21:06:25,pc,"Mozilla/5.0 (Macintosh; Intel Mac OS X 10_9_4) AppleWebKit/537.78.2 (KHTML, like Gecko) Version/7.0.6 Safari/537.78.2"
"loadtest_3",2014/09/03 21:26:14,pc,"Mozilla/5.0 (Windows NT 6.3; WOW64) AppleWebKit/537.36 (KHTML, like Gecko) Chrome/37.0.2062.103 Safari/537.36"
"loadtest_3",2014/09/03 21:26:45,pc,"Mozilla/5.0 (Windows NT 6.3; WOW64) AppleWebKit/537.36 (KHTML, like Gecko) Chrome/37.0.2062.103 Safari/537.36"
"loadtest_3",2014/09/04 09:13:35,pc,"Mozilla/5.0 (Windows NT 6.1; WOW64; rv:32.0) Gecko/20100101 Firefox/32.0"
"loadtest_3",2014/09/04 09:26:32,pc,"Mozilla/5.0 (Windows NT 6.1; WOW64; rv:32.0) Gecko/20100101 Firefox/32.0"
"loadtest_3",2014/09/04 11:16:02,pc,"Mozilla/5.0 (Windows NT 6.1; WOW64; rv:32.0) Gecko/20100101 Firefox/32.0"
"loadtest_3",2014/09/04 11:52:50,pc,"Mozilla/5.0 (Windows NT 6.1; WOW64; rv:32.0) Gecko/20100101 Firefox/32.0"
"loadtest_3",2014/09/04 12:45:42,pc,"Mozilla/5.0 (Windows NT 6.1; WOW64; rv:32.0) Gecko/20100101 Firefox/32.0"
"loadtest_3",2014/09/04 15:20:53,pc,"Mozilla/5.0 (Windows NT 6.1; WOW64; rv:32.0) Gecko/20100101 Firefox/32.0"
"loadtest_3",2014/09/04 15:36:23,pc,"Mozilla/5.0 (Windows NT 6.1; WOW64; rv:32.0) Gecko/20100101 Firefox/32.0"
"loadtest_4",2014/09/03 21:06:25,pc,"Mozilla/5.0 (Macintosh; Intel Mac OS X 10_9_4) AppleWebKit/537.78.2 (KHTML, like Gecko) Version/7.0.6 Safari/537.78.2"
"loadtest_4",2014/09/03 21:26:14,pc,"Mozilla/5.0 (Windows NT 6.3; WOW64) AppleWebKit/537.36 (KHTML, like Gecko) Chrome/37.0.2062.103 Safari/537.36"
"loadtest_4",2014/09/03 21:26:45,pc,"Mozilla/5.0 (Windows NT 6.3; WOW64) AppleWebKit/537.36 (KHTML, like Gecko) Chrome/37.0.2062.103 Safari/537.36"
"loadtest_4",2014/09/04 09:13:35,pc,"Mozilla/5.0 (Windows NT 6.1; WOW64; rv:32.0) Gecko/20100101 Firefox/32.0"
"loadtest_4",2014/09/04 09:26:32,pc,"Mozilla/5.0 (Windows NT 6.1; WOW64; rv:32.0) Gecko/20100101 Firefox/32.0"
"loadtest_4",2014/09/04 11:16:02,pc,"Mozilla/5.0 (Windows NT 6.1; WOW64; rv:32.0) Gecko/20100101 Firefox/32.0"
"loadtest_4",2014/09/04 11:52:50,pc,"Mozilla/5.0 (Windows NT 6.1; WOW64; rv:32.0) Gecko/20100101 Firefox/32.0"
"loadtest_4",2014/09/04 12:45:42,pc,"Mozilla/5.0 (Windows NT 6.1; WOW64; rv:32.0) Gecko/20100101 Firefox/32.0"
"loadtest_4",2014/09/04 15:20:53,pc,"Mozilla/5.0 (Windows NT 6.1; WOW64; rv:32.0) Gecko/20100101 Firefox/32.0"
"loadtest_4",2014/09/04 15:36:23,pc,"Mozilla/5.0 (Windows NT 6.1; WOW64; rv:32.0) Gecko/20100101 Firefox/32.0"
"loadtest_5",2014/09/03 21:06:25,pc,"Mozilla/5.0 (Macintosh; Intel Mac OS X 10_9_4) AppleWebKit/537.78.2 (KHTML, like Gecko) Version/7.0.6 Safari/537.78.2"
"loadtest_5",2014/09/03 21:26:14,pc,"Mozilla/5.0 (Windows NT 6.3; WOW64) AppleWebKit/537.36 (KHTML, like Gecko) Chrome/37.0.2062.103 Safari/537.36"
"loadtest_5",2014/09/03 21:26:45,pc,"Mozilla/5.0 (Windows NT 6.3; WOW64) AppleWebKit/537.36 (KHTML, like Gecko) Chrome/37.0.2062.103 Safari/537.36"
"loadtest_5",2014/09/04 09:13:35,pc,"Mozilla/5.0 (Windows NT 6.1; WOW64; rv:32.0) Gecko/20100101 Firefox/32.0"
"loadtest_5",2014/09/04 09:26:32,pc,"Mozilla/5.0 (Windows NT 6.1; WOW64; rv:32.0) Gecko/20100101 Firefox/32.0"
"loadtest_5",2014/09/04 11:16:02,pc,"Mozilla/5.0 (Windows NT 6.1; WOW64; rv:32.0) Gecko/20100101 Firefox/32.0"
"loadtest_5",2014/09/04 11:52:50,pc,"Mozilla/5.0 (Windows NT 6.1; WOW64; rv:32.0) Gecko/20100101 Firefox/32.0"
"loadtest_5",2014/09/04 12:45:42,pc,"Mozilla/5.0 (Windows NT 6.1; WOW64; rv:32.0) Gecko/20100101 Firefox/32.0"
"loadtest_5",2014/09/04 15:20:53,pc,"Mozilla/5.0 (Windows NT 6.1; WOW64; rv:32.0) Gecko/20100101 Firefox/32.0"
"loadtest_5",2014/09/04 15:36:23,pc,"Mozilla/5.0 (Windows NT 6.1; WOW64; rv:32.0) Gecko/20100101 Firefox/32.0"
"loadtest_6",2014/09/03 21:26:14,pc,"Mozilla/5.0 (Windows NT 6.3; WOW64) AppleWebKit/537.36 (KHTML, like Gecko) Chrome/37.0.2062.103 Safari/537.36"
"loadtest_6",2014/09/03 21:26:45,pc,"Mozilla/5.0 (Windows NT 6.3; WOW64) AppleWebKit/537.36 (KHTML, like Gecko) Chrome/37.0.2062.103 Safari/537.36"
"loadtest_6",2014/09/04 09:13:35,pc,"Mozilla/5.0 (Windows NT 6.1; WOW64; rv:32.0) Gecko/20100101 Firefox/32.0"
"loadtest_6",2014/09/04 09:26:32,pc,"Mozilla/5.0 (Windows NT 6.1; WOW64; rv:32.0) Gecko/20100101 Firefox/32.0"
"loadtest_6",2014/09/04 11:16:02,pc,"Mozilla/5.0 (Windows NT 6.1; WOW64; rv:32.0) Gecko/20100101 Firefox/32.0"
"loadtest_6",2014/09/04 11:52:50,pc,"Mozilla/5.0 (Windows NT 6.1; WOW64; rv:32.0) Gecko/20100101 Firefox/32.0"
"loadtest_6",2014/09/04 12:45:42,pc,"Mozilla/5.0 (Windows NT 6.1; WOW64; rv:32.0) Gecko/20100101 Firefox/32.0"
"loadtest_6",2014/09/04 15:20:53,pc,"Mozilla/5.0 (Windows NT 6.1; WOW64; rv:32.0) Gecko/20100101 Firefox/32.0"
"loadtest_6",2014/09/04 15:36:23,pc,"Mozilla/5.0 (Windows NT 6.1; WOW64; rv:32.0) Gecko/20100101 Firefox/32.0"
"loadtest_7",2014/09/03 21:26:14,pc,"Mozilla/5.0 (Windows NT 6.3; WOW64) AppleWebKit/537.36 (KHTML, like Gecko) Chrome/37.0.2062.103 Safari/537.36"
"loadtest_7",2014/09/03 21:26:45,pc,"Mozilla/5.0 (Windows NT 6.3; WOW64) AppleWebKit/537.36 (KHTML, like Gecko) Chrome/37.0.2062.103 Safari/537.36"
"loadtest_7",2014/09/04 09:13:35,pc,"Mozilla/5.0 (Windows NT 6.1; WOW64; rv:32.0) Gecko/20100101 Firefox/32.0"
"loadtest_7",2014/09/04 09:26:32,pc,"Mozilla/5.0 (Windows NT 6.1; WOW64; rv:32.0) Gecko/20100101 Firefox/32.0"
"loadtest_7",2014/09/04 11:16:02,pc,"Mozilla/5.0 (Windows NT 6.1; WOW64; rv:32.0) Gecko/20100101 Firefox/32.0"
"loadtest_7",2014/09/04 11:52:50,pc,"Mozilla/5.0 (Windows NT 6.1; WOW64; rv:32.0) Gecko/20100101 Firefox/32.0"
"loadtest_7",2014/09/04 12:45:42,pc,"Mozilla/5.0 (Windows NT 6.1; WOW64; rv:32.0) Gecko/20100101 Firefox/32.0"
"loadtest_7",2014/09/04 15:20:53,pc,"Mozilla/5.0 (Windows NT 6.1; WOW64; rv:32.0) Gecko/20100101 Firefox/32.0"
"loadtest_7",2014/09/04 15:36:23,pc,"Mozilla/5.0 (Windows NT 6.1; WOW64; rv:32.0) Gecko/20100101 Firefox/32.0"
"loadtest_8",2014/09/03 21:26:14,pc,"Mozilla/5.0 (Windows NT 6.3; WOW64) AppleWebKit/537.36 (KHTML, like Gecko) Chrome/37.0.2062.103 Safari/537.36"
"loadtest_8",2014/09/03 21:26:45,pc,"Mozilla/5.0 (Windows NT 6.3; WOW64) AppleWebKit/537.36 (KHTML, like Gecko) Chrome/37.0.2062.103 Safari/537.36"
"loadtest_8",2014/09/04 09:13:35,pc,"Mozilla/5.0 (Windows NT 6.1; WOW64; rv:32.0) Gecko/20100101 Firefox/32.0"
"loadtest_8",2014/09/04 09:26:32,pc,"Mozilla/5.0 (Windows NT 6.1; WOW64; rv:32.0) Gecko/20100101 Firefox/32.0"
"loadtest_8",2014/09/04 11:16:02,pc,"Mozilla/5.0 (Windows NT 6.1; WOW64; rv:32.0) Gecko/20100101 Firefox/32.0"
"loadtest_8",2014/09/04 11:52:50,pc,"Mozilla/5.0 (Windows NT 6.1; WOW64; rv:32.0) Gecko/20100101 Firefox/32.0"
"loadtest_8",2014/09/04 12:45:42,pc,"Mozilla/5.0 (Windows NT 6.1; WOW64; rv:32.0) Gecko/20100101 Firefox/32.0"
"loadtest_8",2014/09/04 15:20:53,pc,"Mozilla/5.0 (Windows NT 6.1; WOW64; rv:32.0) Gecko/20100101 Firefox/32.0"
"loadtest_8",2014/09/04 15:36:23,pc,"Mozilla/5.0 (Windows NT 6.1; WOW64; rv:32.0) Gecko/20100101 Firefox/32.0"
"loadtest_9",2014/09/03 21:26:14,pc,"Mozilla/5.0 (Windows NT 6.3; WOW64) AppleWebKit/537.36 (KHTML, like Gecko) Chrome/37.0.2062.103 Safari/537.36"
"loadtest_9",2014/09/03 21:26:45,pc,"Mozilla/5.0 (Windows NT 6.3; WOW64) AppleWebKit/537.36 (KHTML, like Gecko) Chrome/37.0.2062.103 Safari/537.36"
"loadtest_9",2014/09/04 09:13:35,pc,"Mozilla/5.0 (Windows NT 6.1; WOW64; rv:32.0) Gecko/20100101 Firefox/32.0"
"loadtest_9",2014/09/04 09:26:32,pc,"Mozilla/5.0 (Windows NT 6.1; WOW64; rv:32.0) Gecko/20100101 Firefox/32.0"
"loadtest_9",2014/09/04 11:16:02,pc,"Mozilla/5.0 (Windows NT 6.1; WOW64; rv:32.0) Gecko/20100101 Firefox/32.0"
"loadtest_9",2014/09/04 11:52:50,pc,"Mozilla/5.0 (Windows NT 6.1; WOW64; rv:32.0) Gecko/20100101 Firefox/32.0"
"loadtest_9",2014/09/04 12:45:42,pc,"Mozilla/5.0 (Windows NT 6.1; WOW64; rv:32.0) Gecko/20100101 Firefox/32.0"
"loadtest_9",2014/09/04 15:20:53,pc,"Mozilla/5.0 (Windows NT 6.1; WOW64; rv:32.0) Gecko/20100101 Firefox/32.0"
"loadtest_9",2014/09/04 15:36:23,pc,"Mozilla/5.0 (Windows NT 6.1; WOW64; rv:32.0) Gecko/20100101 Firefox/32.0"
"loadtest_10",2014/09/03 21:26:45,pc,"Mozilla/5.0 (Windows NT 6.3; WOW64) AppleWebKit/537.36 (KHTML, like Gecko) Chrome/37.0.2062.103 Safari/537.36"
"loadtest_10",2014/09/04 09:13:35,pc,"Mozilla/5.0 (Windows NT 6.1; WOW64; rv:32.0) Gecko/20100101 Firefox/32.0"
"loadtest_10",2014/09/04 09:26:32,pc,"Mozilla/5.0 (Windows NT 6.1; WOW64; rv:32.0) Gecko/20100101 Firefox/32.0"
"loadtest_10",2014/09/04 11:16:02,pc,"Mozilla/5.0 (Windows NT 6.1; WOW64; rv:32.0) Gecko/20100101 Firefox/32.0"
"loadtest_10",2014/09/04 11:52:50,pc,"Mozilla/5.0 (Windows NT 6.1; WOW64; rv:32.0) Gecko/20100101 Firefox/32.0"
"loadtest_10",2014/09/04 12:45:42,pc,"Mozilla/5.0 (Windows NT 6.1; WOW64; rv:32.0) Gecko/20100101 Firefox/32.0"
"loadtest_10",2014/09/04 15:20:53,pc,"Mozilla/5.0 (Windows NT 6.1; WOW64; rv:32.0) Gecko/20100101 Firefox/32.0"
"loadtest_10",2014/09/04 15:36:23,pc,"Mozilla/5.0 (Windows NT 6.1; WOW64; rv:32.0) Gecko/20100101 Firefox/32.0"
"loadtest_11",2014/09/03 21:26:45,pc,"Mozilla/5.0 (Windows NT 6.3; WOW64) AppleWebKit/537.36 (KHTML, like Gecko) Chrome/37.0.2062.103 Safari/537.36"
"loadtest_11",2014/09/04 09:13:35,pc,"Mozilla/5.0 (Windows NT 6.1; WOW64; rv:32.0) Gecko/20100101 Firefox/32.0"
"loadtest_11",2014/09/04 09:26:32,pc,"Mozilla/5.0 (Windows NT 6.1; WOW64; rv:32.0) Gecko/20100101 Firefox/32.0"
"loadtest_11",2014/09/04 11:16:02,pc,"Mozilla/5.0 (Windows NT 6.1; WOW64; rv:32.0) Gecko/20100101 Firefox/32.0"
"loadtest_11",2014/09/04 11:52:50,pc,"Mozilla/5.0 (Windows NT 6.1; WOW64; rv:32.0) Gecko/20100101 Firefox/32.0"
"loadtest_11",2014/09/04 12:45:42,pc,"Mozilla/5.0 (Windows NT 6.1; WOW64; rv:32.0) Gecko/20100101 Firefox/32.0"
"loadtest_11",2014/09/04 15:20:53,pc,"Mozilla/5.0 (Windows NT 6.1; WOW64; rv:32.0) Gecko/20100101 Firefox/32.0"
"loadtest_11",2014/09/04 15:36:23,pc,"Mozilla/5.0 (Windows NT 6.1; WOW64; rv:32.0) Gecko/20100101 Firefox/32.0"
"loadtest_12",2014/09/03 21:26:45,pc,"Mozilla/5.0 (Windows NT 6.3; WOW64) AppleWebKit/537.36 (KHTML, like Gecko) Chrome/37.0.2062.103 Safari/537.36"
"loadtest_12",2014/09/04 09:13:35,pc,"Mozilla/5.0 (Windows NT 6.1; WOW64; rv:32.0) Gecko/20100101 Firefox/32.0"
"loadtest_12",2014/09/04 09:26:32,pc,"Mozilla/5.0 (Windows NT 6.1; WOW64; rv:32.0) Gecko/20100101 Firefox/32.0"
"loadtest_12",2014/09/04 11:16:02,pc,"Mozilla/5.0 (Windows NT 6.1; WOW64; rv:32.0) Gecko/20100101 Firefox/32.0"
"loadtest_12",2014/09/04 11:52:50,pc,"Mozilla/5.0 (Windows NT 6.1; WOW64; rv:32.0) Gecko/20100101 Firefox/32.0"
"loadtest_12",2014/09/04 12:45:42,pc,"Mozilla/5.0 (Windows NT 6.1; WOW64; rv:32.0) Gecko/20100101 Firefox/32.0"
"loadtest_12",2014/09/04 15:20:53,pc,"Mozilla/5.0 (Windows NT 6.1; WOW64; rv:32.0) Gecko/20100101 Firefox/32.0"
"loadtest_12",2014/09/04 15:36:23,pc,"Mozilla/5.0 (Windows NT 6.1; WOW64; rv:32.0) Gecko/20100101 Firefox/32.0"
"loadtest_13",2014/09/03 21:26:45,pc,"Mozilla/5.0 (Windows NT 6.3; WOW64) AppleWebKit/537.36 (KHTML, like Gecko) Chrome/37.0.2062.103 Safari/537.36"
"loadtest_13",2014/09/04 09:13:35,pc,"Mozilla/5.0 (Windows NT 6.1; WOW64; rv:32.0) Gecko/20100101 Firefox/32.0"
"loadtest_13",2014/09/04 09:26:32,pc,"Mozilla/5.0 (Windows NT 6.1; WOW64; rv:32.0) Gecko/20100101 Firefox/32.0"
"loadtest_13",2014/09/04 11:16:02,pc,"Mozilla/5.0 (Windows NT 6.1; WOW64; rv:32.0) Gecko/20100101 Firefox/32.0"
"loadtest_13",2014/09/04 11:52:50,pc,"Mozilla/5.0 (Windows NT 6.1; WOW64; rv:32.0) Gecko/20100101 Firefox/32.0"
"loadtest_13",2014/09/04 12:45:42,pc,"Mozilla/5.0 (Windows NT 6.1; WOW64; rv:32.0) Gecko/20100101 Firefox/32.0"
"loadtest_13",2014/09/04 15:20:53,pc,"Mozilla/5.0 (Windows NT 6.1; WOW64; rv:32.0) Gecko/20100101 Firefox/32.0"
"loadtest_13",2014/09/04 15:36:23,pc,"Mozilla/5.0 (Windows NT 6.1; WOW64; rv:32.0) Gecko/20100101 Firefox/32.0"
"loadtest_14",2014/09/03 21:26:45,pc,"Mozilla/5.0 (Windows NT 6.3; WOW64) AppleWebKit/537.36 (KHTML, like Gecko) Chrome/37.0.2062.103 Safari/537.36"
"loadtest_14",2014/09/04 09:13:35,pc,"Mozilla/5.0 (Windows NT 6.1; WOW64; rv:32.0) Gecko/20100101 Firefox/32.0"
"loadtest_14",2014/09/04 09:26:32,pc,"Mozilla/5.0 (Windows NT 6.1; WOW64; rv:32.0) Gecko/20100101 Firefox/32.0"
"loadtest_14",2014/09/04 11:16:02,pc,"Mozilla/5.0 (Windows NT 6.1; WOW64; rv:32.0) Gecko/20100101 Firefox/32.0"
"loadtest_14",2014/09/04 11:52:50,pc,"Mozilla/5.0 (Windows NT 6.1; WOW64; rv:32.0) Gecko/20100101 Firefox/32.0"
"loadtest_14",2014/09/04 12:45:42,pc,"Mozilla/5.0 (Windows NT 6.1; WOW64; rv:32.0) Gecko/20100101 Firefox/32.0"
"loadtest_14",2014/09/04 15:20:53,pc,"Mozilla/5.0 (Windows NT 6.1; WOW64; rv:32.0) Gecko/20100101 Firefox/32.0"
"loadtest_14",2014/09/04 15:36:23,pc,"Mozilla/5.0 (Windows NT 6.1; WOW64; rv:32.0) Gecko/20100101 Firefox/32.0"
"loadtest_15",2014/09/03 21:26:45,pc,"Mozilla/5.0 (Windows NT 6.3; WOW64) AppleWebKit/537.36 (KHTML, like Gecko) Chrome/37.0.2062.103 Safari/537.36"
"loadtest_15",2014/09/04 09:13:35,pc,"Mozilla/5.0 (Windows NT 6.1; WOW64; rv:32.0) Gecko/20100101 Firefox/32.0"
"loadtest_15",2014/09/04 09:26:32,pc,"Mozilla/5.0 (Windows NT 6.1; WOW64; rv:32.0) Gecko/20100101 Firefox/32.0"
"loadtest_15",2014/09/04 11:16:02,pc,"Mozilla/5.0 (Windows NT 6.1; WOW64; rv:32.0) Gecko/20100101 Firefox/32.0"
"loadtest_15",2014/09/04 11:52:50,pc,"Mozilla/5.0 (Windows NT 6.1; WOW64; rv:32.0) Gecko/20100101 Firefox/32.0"
"loadtest_15",2014/09/04 12:45:42,pc,"Mozilla/5.0 (Windows NT 6.1; WOW64; rv:32.0) Gecko/20100101 Firefox/32.0"
"loadtest_15",2014/09/04 15:20:53,pc,"Mozilla/5.0 (Windows NT 6.1; WOW64; rv:32.0) Gecko/20100101 Firefox/32.0"
"loadtest_15",2014/09/04 15:36:23,pc,"Mozilla/5.0 (Windows NT 6.1; WOW64; rv:32.0) Gecko/20100101 Firefox/32.0"
"loadtest_16",2014/09/03 21:26:45,pc,"Mozilla/5.0 (Windows NT 6.3; WOW64) AppleWebKit/537.36 (KHTML, like Gecko) Chrome/37.0.2062.103 Safari/537.36"
"loadtest_16",2014/09/04 09:13:35,pc,"Mozilla/5.0 (Windows NT 6.1; WOW64; rv:32.0) Gecko/20100101 Firefox/32.0"
"loadtest_16",2014/09/04 09:26:32,pc,"Mozilla/5.0 (Windows NT 6.1; WOW64; rv:32.0) Gecko/20100101 Firefox/32.0"
"loadtest_16",2014/09/04 11:16:02,pc,"Mozilla/5.0 (Windows NT 6.1; WOW64; rv:32.0) Gecko/20100101 Firefox/32.0"
"loadtest_16",2014/09/04 11:52:50,pc,"Mozilla/5.0 (Windows NT 6.1; WOW64; rv:32.0) Gecko/20100101 Firefox/32.0"
"loadtest_16",2014/09/04 12:45:42,pc,"Mozilla/5.0 (Windows NT 6.1; WOW64; rv:32.0) Gecko/20100101 Firefox/32.0"
"loadtest_16",2014/09/04 15:20:53,pc,"Mozilla/5.0 (Windows NT 6.1; WOW64; rv:32.0) Gecko/20100101 Firefox/32.0"
"loadtest_16",2014/09/04 15:36:23,pc,"Mozilla/5.0 (Windows NT 6.1; WOW64; rv:32.0) Gecko/20100101 Firefox/32.0"
"loadtest_17",2014/09/03 21:26:45,pc,"Mozilla/5.0 (Windows NT 6.3; WOW64) AppleWebKit/537.36 (KHTML, like Gecko) Chrome/37.0.2062.103 Safari/537.36"
"loadtest_17",2014/09/04 09:13:35,pc,"Mozilla/5.0 (Windows NT 6.1; WOW64; rv:32.0) Gecko/20100101 Firefox/32.0"
"loadtest_17",2014/09/04 09:26:32,pc,"Mozilla/5.0 (Windows NT 6.1; WOW64; rv:32.0) Gecko/20100101 Firefox/32.0"
"loadtest_17",2014/09/04 11:16:02,pc,"Mozilla/5.0 (Windows NT 6.1; WOW64; rv:32.0) Gecko/20100101 Firefox/32.0"
"loadtest_17",2014/09/04 11:52:50,pc,"Mozilla/5.0 (Windows NT 6.1; WOW64; rv:32.0) Gecko/20100101 Firefox/32.0"
"loadtest_17",2014/09/04 12:45:42,pc,"Mozilla/5.0 (Windows NT 6.1; WOW64; rv:32.0) Gecko/20100101 Firefox/32.0"
"loadtest_17",2014/09/04 15:20:53,pc,"Mozilla/5.0 (Windows NT 6.1; WOW64; rv:32.0) Gecko/20100101 Firefox/32.0"
"loadtest_17",2014/09/04 15:36:23,pc,"Mozilla/5.0 (Windows NT 6.1; WOW64; rv:32.0) Gecko/20100101 Firefox/32.0"
"loadtest_18",2014/09/03 21:26:45,pc,"Mozilla/5.0 (Windows NT 6.3; WOW64) AppleWebKit/537.36 (KHTML, like Gecko) Chrome/37.0.2062.103 Safari/537.36"
"loadtest_18",2014/09/04 09:13:35,pc,"Mozilla/5.0 (Windows NT 6.1; WOW64; rv:32.0) Gecko/20100101 Firefox/32.0"
"loadtest_18",2014/09/04 09:26:32,pc,"Mozilla/5.0 (Windows NT 6.1; WOW64; rv:32.0) Gecko/20100101 Firefox/32.0"
"loadtest_18",2014/09/04 11:16:02,pc,"Mozilla/5.0 (Windows NT 6.1; WOW64; rv:32.0) Gecko/20100101 Firefox/32.0"
"loadtest_18",2014/09/04 11:52:50,pc,"Mozilla/5.0 (Windows NT 6.1; WOW64; rv:32.0) Gecko/20100101 Firefox/32.0"
"loadtest_18",2014/09/04 12:45:42,pc,"Mozilla/5.0 (Windows NT 6.1; WOW64; rv:32.0) Gecko/20100101 Firefox/32.0"
"loadtest_18",2014/09/04 15:20:53,pc,"Mozilla/5.0 (Windows NT 6.1; WOW64; rv:32.0) Gecko/20100101 Firefox/32.0"
"loadtest_18",2014/09/04 15:36:23,pc,"Mozilla/5.0 (Windows NT 6.1; WOW64; rv:32.0) Gecko/20100101 Firefox/32.0"
"loadtest_19",2014/09/03 21:26:45,pc,"Mozilla/5.0 (Windows NT 6.3; WOW64) AppleWebKit/537.36 (KHTML, like Gecko) Chrome/37.0.2062.103 Safari/537.36"
"loadtest_19",2014/09/04 09:13:35,pc,"Mozilla/5.0 (Windows NT 6.1; WOW64; rv:32.0) Gecko/20100101 Firefox/32.0"
"loadtest_19",2014/09/04 09:26:32,pc,"Mozilla/5.0 (Windows NT 6.1; WOW64; rv:32.0) Gecko/20100101 Firefox/32.0"
"loadtest_19",2014/09/04 11:16:02,pc,"Mozilla/5.0 (Windows NT 6.1; WOW64; rv:32.0) Gecko/20100101 Firefox/32.0"
"loadtest_19",2014/09/04 11:52:50,pc,"Mozilla/5.0 (Windows NT 6.1; WOW64; rv:32.0) Gecko/20100101 Firefox/32.0"
"loadtest_19",2014/09/04 12:45:42,pc,"Mozilla/5.0 (Windows NT 6.1; WOW64; rv:32.0) Gecko/20100101 Firefox/32.0"
"loadtest_19",2014/09/04 15:20:54,pc,"Mozilla/5.0 (Windows NT 6.1; WOW64; rv:32.0) Gecko/20100101 Firefox/32.0"
"loadtest_19",2014/09/04 15:36:24,pc,"Mozilla/5.0 (Windows NT 6.1; WOW64; rv:32.0) Gecko/20100101 Firefox/32.0"
"loadtest_20",2014/09/03 21:26:45,pc,"Mozilla/5.0 (Windows NT 6.3; WOW64) AppleWebKit/537.36 (KHTML, like Gecko) Chrome/37.0.2062.103 Safari/537.36"
"loadtest_20",2014/09/04 09:13:35,pc,"Mozilla/5.0 (Windows NT 6.1; WOW64; rv:32.0) Gecko/20100101 Firefox/32.0"
"loadtest_20",2014/09/04 09:26:32,pc,"Mozilla/5.0 (Windows NT 6.1; WOW64; rv:32.0) Gecko/20100101 Firefox/32.0"
"loadtest_20",2014/09/04 11:16:02,pc,"Mozilla/5.0 (Windows NT 6.1; WOW64; rv:32.0) Gecko/20100101 Firefox/32.0"
"loadtest_20",2014/09/04 11:52:50,pc,"Mozilla/5.0 (Windows NT 6.1; WOW64; rv:32.0) Gecko/20100101 Firefox/32.0"
"loadtest_20",2014/09/04 12:45:42,pc,"Mozilla/5.0 (Windows NT 6.1; WOW64; rv:32.0) Gecko/20100101 Firefox/32.0"
"loadtest_20",2014/09/04 15:20:54,pc,"Mozilla/5.0 (Windows NT 6.1; WOW64; rv:32.0) Gecko/20100101 Firefox/32.0"
"loadtest_20",2014/09/04 15:36:24,pc,"Mozilla/5.0 (Windows NT 6.1; WOW64; rv:32.0) Gecko/20100101 Firefox/32.0"
"loadtest_21",2014/09/03 21:26:45,pc,"Mozilla/5.0 (Windows NT 6.3; WOW64) AppleWebKit/537.36 (KHTML, like Gecko) Chrome/37.0.2062.103 Safari/537.36"
"loadtest_21",2014/09/04 09:13:35,pc,"Mozilla/5.0 (Windows NT 6.1; WOW64; rv:32.0) Gecko/20100101 Firefox/32.0"
"loadtest_21",2014/09/04 09:26:32,pc,"Mozilla/5.0 (Windows NT 6.1; WOW64; rv:32.0) Gecko/20100101 Firefox/32.0"
"loadtest_21",2014/09/04 11:16:02,pc,"Mozilla/5.0 (Windows NT 6.1; WOW64; rv:32.0) Gecko/20100101 Firefox/32.0"
"loadtest_21",2014/09/04 11:52:50,pc,"Mozilla/5.0 (Windows NT 6.1; WOW64; rv:32.0) Gecko/20100101 Firefox/32.0"
"loadtest_21",2014/09/04 12:45:42,pc,"Mozilla/5.0 (Windows NT 6.1; WOW64; rv:32.0) Gecko/20100101 Firefox/32.0"
"loadtest_21",2014/09/04 15:20:54,pc,"Mozilla/5.0 (Windows NT 6.1; WOW64; rv:32.0) Gecko/20100101 Firefox/32.0"
"loadtest_21",2014/09/04 15:36:24,pc,"Mozilla/5.0 (Windows NT 6.1; WOW64; rv:32.0) Gecko/20100101 Firefox/32.0"
"loadtest_22",2014/09/03 21:26:45,pc,"Mozilla/5.0 (Windows NT 6.3; WOW64) AppleWebKit/537.36 (KHTML, like Gecko) Chrome/37.0.2062.103 Safari/537.36"
"loadtest_22",2014/09/04 09:13:35,pc,"Mozilla/5.0 (Windows NT 6.1; WOW64; rv:32.0) Gecko/20100101 Firefox/32.0"
"loadtest_22",2014/09/04 09:26:32,pc,"Mozilla/5.0 (Windows NT 6.1; WOW64; rv:32.0) Gecko/20100101 Firefox/32.0"
"loadtest_22",2014/09/04 11:16:02,pc,"Mozilla/5.0 (Windows NT 6.1; WOW64; rv:32.0) Gecko/20100101 Firefox/32.0"
"loadtest_22",2014/09/04 11:52:50,pc,"Mozilla/5.0 (Windows NT 6.1; WOW64; rv:32.0) Gecko/20100101 Firefox/32.0"
"loadtest_22",2014/09/04 12:45:42,pc,"Mozilla/5.0 (Windows NT 6.1; WOW64; rv:32.0) Gecko/20100101 Firefox/32.0"
"loadtest_22",2014/09/04 15:20:54,pc,"Mozilla/5.0 (Windows NT 6.1; WOW64; rv:32.0) Gecko/20100101 Firefox/32.0"
"loadtest_22",2014/09/04 15:36:24,pc,"Mozilla/5.0 (Windows NT 6.1; WOW64; rv:32.0) Gecko/20100101 Firefox/32.0"
"loadtest_23",2014/09/03 21:26:45,pc,"Mozilla/5.0 (Windows NT 6.3; WOW64) AppleWebKit/537.36 (KHTML, like Gecko) Chrome/37.0.2062.103 Safari/537.36"
"loadtest_23",2014/09/04 09:13:35,pc,"Mozilla/5.0 (Windows NT 6.1; WOW64; rv:32.0) Gecko/20100101 Firefox/32.0"
"loadtest_23",2014/09/04 09:26:32,pc,"Mozilla/5.0 (Windows NT 6.1; WOW64; rv:32.0) Gecko/20100101 Firefox/32.0"
"loadtest_23",2014/09/04 11:16:02,pc,"Mozilla/5.0 (Windows NT 6.1; WOW64; rv:32.0) Gecko/20100101 Firefox/32.0"
"loadtest_23",2014/09/04 11:52:50,pc,"Mozilla/5.0 (Windows NT 6.1; WOW64; rv:32.0) Gecko/20100101 Firefox/32.0"
"loadtest_23",2014/09/04 12:45:42,pc,"Mozilla/5.0 (Windows NT 6.1; WOW64; rv:32.0) Gecko/20100101 Firefox/32.0"
"loadtest_23",2014/09/04 15:20:54,pc,"Mozilla/5.0 (Windows NT 6.1; WOW64; rv:32.0) Gecko/20100101 Firefox/32.0"
"loadtest_23",2014/09/04 15:36:24,pc,"Mozilla/5.0 (Windows NT 6.1; WOW64; rv:32.0) Gecko/20100101 Firefox/32.0"
"loadtest_24",2014/09/03 21:26:45,pc,"Mozilla/5.0 (Windows NT 6.3; WOW64) AppleWebKit/537.36 (KHTML, like Gecko) Chrome/37.0.2062.103 Safari/537.36"
"loadtest_24",2014/09/04 09:13:35,pc,"Mozilla/5.0 (Windows NT 6.1; WOW64; rv:32.0) Gecko/20100101 Firefox/32.0"
"loadtest_24",2014/09/04 09:26:32,pc,"Mozilla/5.0 (Windows NT 6.1; WOW64; rv:32.0) Gecko/20100101 Firefox/32.0"
"loadtest_24",2014/09/04 11:16:02,pc,"Mozilla/5.0 (Windows NT 6.1; WOW64; rv:32.0) Gecko/20100101 Firefox/32.0"
"loadtest_24",2014/09/04 11:52:50,pc,"Mozilla/5.0 (Windows NT 6.1; WOW64; rv:32.0) Gecko/20100101 Firefox/32.0"
"loadtest_24",2014/09/04 12:45:42,pc,"Mozilla/5.0 (Windows NT 6.1; WOW64; rv:32.0) Gecko/20100101 Firefox/32.0"
"loadtest_24",2014/09/04 15:20:54,pc,"Mozilla/5.0 (Windows NT 6.1; WOW64; rv:32.0) Gecko/20100101 Firefox/32.0"
"loadtest_24",2014/09/04 15:36:24,pc,"Mozilla/5.0 (Windows NT 6.1; WOW64; rv:32.0) Gecko/20100101 Firefox/32.0"
"loadtest_25",2014/09/03 21:26:45,pc,"Mozilla/5.0 (Windows NT 6.3; WOW64) AppleWebKit/537.36 (KHTML, like Gecko) Chrome/37.0.2062.103 Safari/537.36"
"loadtest_25",2014/09/04 09:13:35,pc,"Mozilla/5.0 (Windows NT 6.1; WOW64; rv:32.0) Gecko/20100101 Firefox/32.0"
"loadtest_25",2014/09/04 09:26:32,pc,"Mozilla/5.0 (Windows NT 6.1; WOW64; rv:32.0) Gecko/20100101 Firefox/32.0"
"loadtest_25",2014/09/04 11:16:02,pc,"Mozilla/5.0 (Windows NT 6.1; WOW64; rv:32.0) Gecko/20100101 Firefox/32.0"
"loadtest_25",2014/09/04 11:52:50,pc,"Mozilla/5.0 (Windows NT 6.1; WOW64; rv:32.0) Gecko/20100101 Firefox/32.0"
"loadtest_25",2014/09/04 12:45:42,pc,"Mozilla/5.0 (Windows NT 6.1; WOW64; rv:32.0) Gecko/20100101 Firefox/32.0"
"loadtest_25",2014/09/04 15:20:54,pc,"Mozilla/5.0 (Windows NT 6.1; WOW64; rv:32.0) Gecko/20100101 Firefox/32.0"
"loadtest_25",2014/09/04 15:36:24,pc,"Mozilla/5.0 (Windows NT 6.1; WOW64; rv:32.0) Gecko/20100101 Firefox/32.0"
"loadtest_26",2014/09/03 21:26:46,pc,"Mozilla/5.0 (Windows NT 6.3; WOW64) AppleWebKit/537.36 (KHTML, like Gecko) Chrome/37.0.2062.103 Safari/537.36"
"loadtest_26",2014/09/04 09:13:35,pc,"Mozilla/5.0 (Windows NT 6.1; WOW64; rv:32.0) Gecko/20100101 Firefox/32.0"
"loadtest_26",2014/09/04 09:26:32,pc,"Mozilla/5.0 (Windows NT 6.1; WOW64; rv:32.0) Gecko/20100101 Firefox/32.0"
"loadtest_26",2014/09/04 11:16:02,pc,"Mozilla/5.0 (Windows NT 6.1; WOW64; rv:32.0) Gecko/20100101 Firefox/32.0"
"loadtest_26",2014/09/04 11:52:50,pc,"Mozilla/5.0 (Windows NT 6.1; WOW64; rv:32.0) Gecko/20100101 Firefox/32.0"
"loadtest_26",2014/09/04 12:45:42,pc,"Mozilla/5.0 (Windows NT 6.1; WOW64; rv:32.0) Gecko/20100101 Firefox/32.0"
"loadtest_26",2014/09/04 15:20:54,pc,"Mozilla/5.0 (Windows NT 6.1; WOW64; rv:32.0) Gecko/20100101 Firefox/32.0"
"loadtest_26",2014/09/04 15:36:24,pc,"Mozilla/5.0 (Windows NT 6.1; WOW64; rv:32.0) Gecko/20100101 Firefox/32.0"
"loadtest_27",2014/09/03 21:26:46,pc,"Mozilla/5.0 (Windows NT 6.3; WOW64) AppleWebKit/537.36 (KHTML, like Gecko) Chrome/37.0.2062.103 Safari/537.36"
"loadtest_27",2014/09/04 09:13:35,pc,"Mozilla/5.0 (Windows NT 6.1; WOW64; rv:32.0) Gecko/20100101 Firefox/32.0"
"loadtest_27",2014/09/04 09:26:32,pc,"Mozilla/5.0 (Windows NT 6.1; WOW64; rv:32.0) Gecko/20100101 Firefox/32.0"
"loadtest_27",2014/09/04 11:16:02,pc,"Mozilla/5.0 (Windows NT 6.1; WOW64; rv:32.0) Gecko/20100101 Firefox/32.0"
"loadtest_27",2014/09/04 11:52:50,pc,"Mozilla/5.0 (Windows NT 6.1; WOW64; rv:32.0) Gecko/20100101 Firefox/32.0"
"loadtest_27",2014/09/04 12:45:42,pc,"Mozilla/5.0 (Windows NT 6.1; WOW64; rv:32.0) Gecko/20100101 Firefox/32.0"
"loadtest_27",2014/09/04 15:20:54,pc,"Mozilla/5.0 (Windows NT 6.1; WOW64; rv:32.0) Gecko/20100101 Firefox/32.0"
"loadtest_27",2014/09/04 15:36:24,pc,"Mozilla/5.0 (Windows NT 6.1; WOW64; rv:32.0) Gecko/20100101 Firefox/32.0"
"loadtest_28",2014/09/03 21:26:46,pc,"Mozilla/5.0 (Windows NT 6.3; WOW64) AppleWebKit/537.36 (KHTML, like Gecko) Chrome/37.0.2062.103 Safari/537.36"
"loadtest_28",2014/09/04 09:13:35,pc,"Mozilla/5.0 (Windows NT 6.1; WOW64; rv:32.0) Gecko/20100101 Firefox/32.0"
"loadtest_28",2014/09/04 09:26:32,pc,"Mozilla/5.0 (Windows NT 6.1; WOW64; rv:32.0) Gecko/20100101 Firefox/32.0"
"loadtest_28",2014/09/04 11:16:02,pc,"Mozilla/5.0 (Windows NT 6.1; WOW64; rv:32.0) Gecko/20100101 Firefox/32.0"
"loadtest_28",2014/09/04 11:52:50,pc,"Mozilla/5.0 (Windows NT 6.1; WOW64; rv:32.0) Gecko/20100101 Firefox/32.0"
"loadtest_28",2014/09/04 12:45:42,pc,"Mozilla/5.0 (Windows NT 6.1; WOW64; rv:32.0) Gecko/20100101 Firefox/32.0"
"loadtest_28",2014/09/04 15:20:54,pc,"Mozilla/5.0 (Windows NT 6.1; WOW64; rv:32.0) Gecko/20100101 Firefox/32.0"
"loadtest_28",2014/09/04 15:36:24,pc,"Mozilla/5.0 (Windows NT 6.1; WOW64; rv:32.0) Gecko/20100101 Firefox/32.0"
"loadtest_29",2014/09/03 21:26:46,pc,"Mozilla/5.0 (Windows NT 6.3; WOW64) AppleWebKit/537.36 (KHTML, like Gecko) Chrome/37.0.2062.103 Safari/537.36"
"loadtest_29",2014/09/04 09:13:35,pc,"Mozilla/5.0 (Windows NT 6.1; WOW64; rv:32.0) Gecko/20100101 Firefox/32.0"
"loadtest_29",2014/09/04 09:26:32,pc,"Mozilla/5.0 (Windows NT 6.1; WOW64; rv:32.0) Gecko/20100101 Firefox/32.0"
"loadtest_29",2014/09/04 11:16:02,pc,"Mozilla/5.0 (Windows NT 6.1; WOW64; rv:32.0) Gecko/20100101 Firefox/32.0"
"loadtest_29",2014/09/04 11:52:50,pc,"Mozilla/5.0 (Windows NT 6.1; WOW64; rv:32.0) Gecko/20100101 Firefox/32.0"
"loadtest_29",2014/09/04 12:45:42,pc,"Mozilla/5.0 (Windows NT 6.1; WOW64; rv:32.0) Gecko/20100101 Firefox/32.0"
"loadtest_29",2014/09/04 15:20:54,pc,"Mozilla/5.0 (Windows NT 6.1; WOW64; rv:32.0) Gecko/20100101 Firefox/32.0"
"loadtest_29",2014/09/04 15:36:24,pc,"Mozilla/5.0 (Windows NT 6.1; WOW64; rv:32.0) Gecko/20100101 Firefox/32.0"
"loadtest_30",2014/09/03 21:26:46,pc,"Mozilla/5.0 (Windows NT 6.3; WOW64) AppleWebKit/537.36 (KHTML, like Gecko) Chrome/37.0.2062.103 Safari/537.36"
"loadtest_30",2014/09/04 09:13:35,pc,"Mozilla/5.0 (Windows NT 6.1; WOW64; rv:32.0) Gecko/20100101 Firefox/32.0"
"loadtest_30",2014/09/04 09:26:32,pc,"Mozilla/5.0 (Windows NT 6.1; WOW64; rv:32.0) Gecko/20100101 Firefox/32.0"
"loadtest_30",2014/09/04 11:16:02,pc,"Mozilla/5.0 (Windows NT 6.1; WOW64; rv:32.0) Gecko/20100101 Firefox/32.0"
"loadtest_30",2014/09/04 11:52:50,pc,"Mozilla/5.0 (Windows NT 6.1; WOW64; rv:32.0) Gecko/20100101 Firefox/32.0"
"loadtest_30",2014/09/04 12:45:42,pc,"Mozilla/5.0 (Windows NT 6.1; WOW64; rv:32.0) Gecko/20100101 Firefox/32.0"
"loadtest_30",2014/09/04 15:20:54,pc,"Mozilla/5.0 (Windows NT 6.1; WOW64; rv:32.0) Gecko/20100101 Firefox/32.0"
"loadtest_30",2014/09/04 15:36:24,pc,"Mozilla/5.0 (Windows NT 6.1; WOW64; rv:32.0) Gecko/20100101 Firefox/32.0"
"loadtest_31",2014/09/03 21:26:46,pc,"Mozilla/5.0 (Windows NT 6.3; WOW64) AppleWebKit/537.36 (KHTML, like Gecko) Chrome/37.0.2062.103 Safari/537.36"
"loadtest_31",2014/09/04 09:13:35,pc,"Mozilla/5.0 (Windows NT 6.1; WOW64; rv:32.0) Gecko/20100101 Firefox/32.0"
"loadtest_31",2014/09/04 09:26:32,pc,"Mozilla/5.0 (Windows NT 6.1; WOW64; rv:32.0) Gecko/20100101 Firefox/32.0"
"loadtest_31",2014/09/04 11:16:02,pc,"Mozilla/5.0 (Windows NT 6.1; WOW64; rv:32.0) Gecko/20100101 Firefox/32.0"
"loadtest_31",2014/09/04 11:52:50,pc,"Mozilla/5.0 (Windows NT 6.1; WOW64; rv:32.0) Gecko/20100101 Firefox/32.0"
"loadtest_31",2014/09/04 12:45:42,pc,"Mozilla/5.0 (Windows NT 6.1; WOW64; rv:32.0) Gecko/20100101 Firefox/32.0"
"loadtest_31",2014/09/04 15:20:54,pc,"Mozilla/5.0 (Windows NT 6.1; WOW64; rv:32.0) Gecko/20100101 Firefox/32.0"
"loadtest_31",2014/09/04 15:36:24,pc,"Mozilla/5.0 (Windows NT 6.1; WOW64; rv:32.0) Gecko/20100101 Firefox/32.0"
"loadtest_32",2014/09/03 21:26:46,pc,"Mozilla/5.0 (Windows NT 6.3; WOW64) AppleWebKit/537.36 (KHTML, like Gecko) Chrome/37.0.2062.103 Safari/537.36"
"loadtest_32",2014/09/04 09:13:35,pc,"Mozilla/5.0 (Windows NT 6.1; WOW64; rv:32.0) Gecko/20100101 Firefox/32.0"
"loadtest_32",2014/09/04 09:26:32,pc,"Mozilla/5.0 (Windows NT 6.1; WOW64; rv:32.0) Gecko/20100101 Firefox/32.0"
"loadtest_32",2014/09/04 11:16:02,pc,"Mozilla/5.0 (Windows NT 6.1; WOW64; rv:32.0) Gecko/20100101 Firefox/32.0"
"loadtest_32",2014/09/04 11:52:50,pc,"Mozilla/5.0 (Windows NT 6.1; WOW64; rv:32.0) Gecko/20100101 Firefox/32.0"
"loadtest_32",2014/09/04 12:45:42,pc,"Mozilla/5.0 (Windows NT 6.1; WOW64; rv:32.0) Gecko/20100101 Firefox/32.0"
"loadtest_32",2014/09/04 15:20:54,pc,"Mozilla/5.0 (Windows NT 6.1; WOW64; rv:32.0) Gecko/20100101 Firefox/32.0"
"loadtest_32",2014/09/04 15:36:24,pc,"Mozilla/5.0 (Windows NT 6.1; WOW64; rv:32.0) Gecko/20100101 Firefox/32.0"
"loadtest_33",2014/09/03 21:26:46,pc,"Mozilla/5.0 (Windows NT 6.3; WOW64) AppleWebKit/537.36 (KHTML, like Gecko) Chrome/37.0.2062.103 Safari/537.36"
"loadtest_33",2014/09/04 09:13:35,pc,"Mozilla/5.0 (Windows NT 6.1; WOW64; rv:32.0) Gecko/20100101 Firefox/32.0"
"loadtest_33",2014/09/04 09:26:32,pc,"Mozilla/5.0 (Windows NT 6.1; WOW64; rv:32.0) Gecko/20100101 Firefox/32.0"
"loadtest_33",2014/09/04 11:16:02,pc,"Mozilla/5.0 (Windows NT 6.1; WOW64; rv:32.0) Gecko/20100101 Firefox/32.0"
"loadtest_33",2014/09/04 11:52:50,pc,"Mozilla/5.0 (Windows NT 6.1; WOW64; rv:32.0) Gecko/20100101 Firefox/32.0"
"loadtest_33",2014/09/04 12:45:42,pc,"Mozilla/5.0 (Windows NT 6.1; WOW64; rv:32.0) Gecko/20100101 Firefox/32.0"
"loadtest_33",2014/09/04 15:20:54,pc,"Mozilla/5.0 (Windows NT 6.1; WOW64; rv:32.0) Gecko/20100101 Firefox/32.0"
"loadtest_33",2014/09/04 15:36:24,pc,"Mozilla/5.0 (Windows NT 6.1; WOW64; rv:32.0) Gecko/20100101 Firefox/32.0"
"loadtest_34",2014/09/03 21:26:46,pc,"Mozilla/5.0 (Windows NT 6.3; WOW64) AppleWebKit/537.36 (KHTML, like Gecko) Chrome/37.0.2062.103 Safari/537.36"
"loadtest_34",2014/09/04 09:13:35,pc,"Mozilla/5.0 (Windows NT 6.1; WOW64; rv:32.0) Gecko/20100101 Firefox/32.0"
"loadtest_34",2014/09/04 09:26:32,pc,"Mozilla/5.0 (Windows NT 6.1; WOW64; rv:32.0) Gecko/20100101 Firefox/32.0"
"loadtest_34",2014/09/04 11:16:02,pc,"Mozilla/5.0 (Windows NT 6.1; WOW64; rv:32.0) Gecko/20100101 Firefox/32.0"
"loadtest_34",2014/09/04 11:52:50,pc,"Mozilla/5.0 (Windows NT 6.1; WOW64; rv:32.0) Gecko/20100101 Firefox/32.0"
"loadtest_34",2014/09/04 12:45:42,pc,"Mozilla/5.0 (Windows NT 6.1; WOW64; rv:32.0) Gecko/20100101 Firefox/32.0"
"loadtest_34",2014/09/04 15:20:54,pc,"Mozilla/5.0 (Windows NT 6.1; WOW64; rv:32.0) Gecko/20100101 Firefox/32.0"
"loadtest_34",2014/09/04 15:36:24,pc,"Mozilla/5.0 (Windows NT 6.1; WOW64; rv:32.0) Gecko/20100101 Firefox/32.0"
"loadtest_35",2014/09/03 21:26:46,pc,"Mozilla/5.0 (Windows NT 6.3; WOW64) AppleWebKit/537.36 (KHTML, like Gecko) Chrome/37.0.2062.103 Safari/537.36"
"loadtest_35",2014/09/04 09:13:35,pc,"Mozilla/5.0 (Windows NT 6.1; WOW64; rv:32.0) Gecko/20100101 Firefox/32.0"
"loadtest_35",2014/09/04 09:26:32,pc,"Mozilla/5.0 (Windows NT 6.1; WOW64; rv:32.0) Gecko/20100101 Firefox/32.0"
"loadtest_35",2014/09/04 11:16:02,pc,"Mozilla/5.0 (Windows NT 6.1; WOW64; rv:32.0) Gecko/20100101 Firefox/32.0"
"loadtest_35",2014/09/04 11:52:50,pc,"Mozilla/5.0 (Windows NT 6.1; WOW64; rv:32.0) Gecko/20100101 Firefox/32.0"
"loadtest_35",2014/09/04 12:45:42,pc,"Mozilla/5.0 (Windows NT 6.1; WOW64; rv:32.0) Gecko/20100101 Firefox/32.0"
"loadtest_35",2014/09/04 15:20:54,pc,"Mozilla/5.0 (Windows NT 6.1; WOW64; rv:32.0) Gecko/20100101 Firefox/32.0"
"loadtest_35",2014/09/04 15:36:24,pc,"Mozilla/5.0 (Windows NT 6.1; WOW64; rv:32.0) Gecko/20100101 Firefox/32.0"
"loadtest_36",2014/09/03 21:26:46,pc,"Mozilla/5.0 (Windows NT 6.3; WOW64) AppleWebKit/537.36 (KHTML, like Gecko) Chrome/37.0.2062.103 Safari/537.36"
"loadtest_36",2014/09/04 09:13:35,pc,"Mozilla/5.0 (Windows NT 6.1; WOW64; rv:32.0) Gecko/20100101 Firefox/32.0"
"loadtest_36",2014/09/04 09:26:32,pc,"Mozilla/5.0 (Windows NT 6.1; WOW64; rv:32.0) Gecko/20100101 Firefox/32.0"
"loadtest_36",2014/09/04 11:16:02,pc,"Mozilla/5.0 (Windows NT 6.1; WOW64; rv:32.0) Gecko/20100101 Firefox/32.0"
"loadtest_36",2014/09/04 11:52:50,pc,"Mozilla/5.0 (Windows NT 6.1; WOW64; rv:32.0) Gecko/20100101 Firefox/32.0"
"loadtest_36",2014/09/04 12:45:42,pc,"Mozilla/5.0 (Windows NT 6.1; WOW64; rv:32.0) Gecko/20100101 Firefox/32.0"
"loadtest_36",2014/09/04 15:20:54,pc,"Mozilla/5.0 (Windows NT 6.1; WOW64; rv:32.0) Gecko/20100101 Firefox/32.0"
"loadtest_36",2014/09/04 15:36:24,pc,"Mozilla/5.0 (Windows NT 6.1; WOW64; rv:32.0) Gecko/20100101 Firefox/32.0"
"loadtest_37",2014/09/03 21:26:46,pc,"Mozilla/5.0 (Windows NT 6.3; WOW64) AppleWebKit/537.36 (KHTML, like Gecko) Chrome/37.0.2062.103 Safari/537.36"
"loadtest_37",2014/09/04 09:13:35,pc,"Mozilla/5.0 (Windows NT 6.1; WOW64; rv:32.0) Gecko/20100101 Firefox/32.0"
"loadtest_37",2014/09/04 09:26:32,pc,"Mozilla/5.0 (Windows NT 6.1; WOW64; rv:32.0) Gecko/20100101 Firefox/32.0"
"loadtest_37",2014/09/04 11:16:02,pc,"Mozilla/5.0 (Windows NT 6.1; WOW64; rv:32.0) Gecko/20100101 Firefox/32.0"
"loadtest_37",2014/09/04 11:52:50,pc,"Mozilla/5.0 (Windows NT 6.1; WOW64; rv:32.0) Gecko/20100101 Firefox/32.0"
"loadtest_37",2014/09/04 12:45:42,pc,"Mozilla/5.0 (Windows NT 6.1; WOW64; rv:32.0) Gecko/20100101 Firefox/32.0"
"loadtest_37",2014/09/04 15:20:54,pc,"Mozilla/5.0 (Windows NT 6.1; WOW64; rv:32.0) Gecko/20100101 Firefox/32.0"
"loadtest_37",2014/09/04 15:36:24,pc,"Mozilla/5.0 (Windows NT 6.1; WOW64; rv:32.0) Gecko/20100101 Firefox/32.0"
"loadtest_38",2014/09/03 21:26:46,pc,"Mozilla/5.0 (Windows NT 6.3; WOW64) AppleWebKit/537.36 (KHTML, like Gecko) Chrome/37.0.2062.103 Safari/537.36"
"loadtest_38",2014/09/04 09:13:35,pc,"Mozilla/5.0 (Windows NT 6.1; WOW64; rv:32.0) Gecko/20100101 Firefox/32.0"
"loadtest_38",2014/09/04 09:26:32,pc,"Mozilla/5.0 (Windows NT 6.1; WOW64; rv:32.0) Gecko/20100101 Firefox/32.0"
"loadtest_38",2014/09/04 11:16:02,pc,"Mozilla/5.0 (Windows NT 6.1; WOW64; rv:32.0) Gecko/20100101 Firefox/32.0"
"loadtest_38",2014/09/04 11:52:50,pc,"Mozilla/5.0 (Windows NT 6.1; WOW64; rv:32.0) Gecko/20100101 Firefox/32.0"
"loadtest_38",2014/09/04 12:45:42,pc,"Mozilla/5.0 (Windows NT 6.1; WOW64; rv:32.0) Gecko/20100101 Firefox/32.0"
"loadtest_38",2014/09/04 15:20:54,pc,"Mozilla/5.0 (Windows NT 6.1; WOW64; rv:32.0) Gecko/20100101 Firefox/32.0"
"loadtest_38",2014/09/04 15:36:24,pc,"Mozilla/5.0 (Windows NT 6.1; WOW64; rv:32.0) Gecko/20100101 Firefox/32.0"
"loadtest_39",2014/09/03 21:26:46,pc,"Mozilla/5.0 (Windows NT 6.3; WOW64) AppleWebKit/537.36 (KHTML, like Gecko) Chrome/37.0.2062.103 Safari/537.36"
"loadtest_39",2014/09/04 09:13:35,pc,"Mozilla/5.0 (Windows NT 6.1; WOW64; rv:32.0) Gecko/20100101 Firefox/32.0"
"loadtest_39",2014/09/04 09:26:32,pc,"Mozilla/5.0 (Windows NT 6.1; WOW64; rv:32.0) Gecko/20100101 Firefox/32.0"
"loadtest_39",2014/09/04 11:16:02,pc,"Mozilla/5.0 (Windows NT 6.1; WOW64; rv:32.0) Gecko/20100101 Firefox/32.0"
"loadtest_39",2014/09/04 11:52:50,pc,"Mozilla/5.0 (Windows NT 6.1; WOW64; rv:32.0) Gecko/20100101 Firefox/32.0"
"loadtest_39",2014/09/04 12:45:42,pc,"Mozilla/5.0 (Windows NT 6.1; WOW64; rv:32.0) Gecko/20100101 Firefox/32.0"
"loadtest_39",2014/09/04 15:20:54,pc,"Mozilla/5.0 (Windows NT 6.1; WOW64; rv:32.0) Gecko/20100101 Firefox/32.0"
"loadtest_39",2014/09/04 15:36:24,pc,"Mozilla/5.0 (Windows NT 6.1; WOW64; rv:32.0) Gecko/20100101 Firefox/32.0"
"loadtest_40",2014/09/03 21:26:46,pc,"Mozilla/5.0 (Windows NT 6.3; WOW64) AppleWebKit/537.36 (KHTML, like Gecko) Chrome/37.0.2062.103 Safari/537.36"
"loadtest_40",2014/09/04 09:13:35,pc,"Mozilla/5.0 (Windows NT 6.1; WOW64; rv:32.0) Gecko/20100101 Firefox/32.0"
"loadtest_40",2014/09/04 09:26:32,pc,"Mozilla/5.0 (Windows NT 6.1; WOW64; rv:32.0) Gecko/20100101 Firefox/32.0"
"loadtest_40",2014/09/04 11:16:02,pc,"Mozilla/5.0 (Windows NT 6.1; WOW64; rv:32.0) Gecko/20100101 Firefox/32.0"
"loadtest_40",2014/09/04 11:52:50,pc,"Mozilla/5.0 (Windows NT 6.1; WOW64; rv:32.0) Gecko/20100101 Firefox/32.0"
"loadtest_40",2014/09/04 12:45:42,pc,"Mozilla/5.0 (Windows NT 6.1; WOW64; rv:32.0) Gecko/20100101 Firefox/32.0"
"loadtest_40",2014/09/04 15:20:54,pc,"Mozilla/5.0 (Windows NT 6.1; WOW64; rv:32.0) Gecko/20100101 Firefox/32.0"
"loadtest_40",2014/09/04 15:36:24,pc,"Mozilla/5.0 (Windows NT 6.1; WOW64; rv:32.0) Gecko/20100101 Firefox/32.0"
"loadtest_41",2014/09/03 21:26:46,pc,"Mozilla/5.0 (Windows NT 6.3; WOW64) AppleWebKit/537.36 (KHTML, like Gecko) Chrome/37.0.2062.103 Safari/537.36"
"loadtest_41",2014/09/04 09:13:35,pc,"Mozilla/5.0 (Windows NT 6.1; WOW64; rv:32.0) Gecko/20100101 Firefox/32.0"
"loadtest_41",2014/09/04 09:26:32,pc,"Mozilla/5.0 (Windows NT 6.1; WOW64; rv:32.0) Gecko/20100101 Firefox/32.0"
"loadtest_41",2014/09/04 11:16:02,pc,"Mozilla/5.0 (Windows NT 6.1; WOW64; rv:32.0) Gecko/20100101 Firefox/32.0"
"loadtest_41",2014/09/04 11:52:50,pc,"Mozilla/5.0 (Windows NT 6.1; WOW64; rv:32.0) Gecko/20100101 Firefox/32.0"
"loadtest_41",2014/09/04 12:45:42,pc,"Mozilla/5.0 (Windows NT 6.1; WOW64; rv:32.0) Gecko/20100101 Firefox/32.0"
"loadtest_41",2014/09/04 15:20:54,pc,"Mozilla/5.0 (Windows NT 6.1; WOW64; rv:32.0) Gecko/20100101 Firefox/32.0"
"loadtest_41",2014/09/04 15:36:24,pc,"Mozilla/5.0 (Windows NT 6.1; WOW64; rv:32.0) Gecko/20100101 Firefox/32.0"
"loadtest_42",2014/09/03 21:26:46,pc,"Mozilla/5.0 (Windows NT 6.3; WOW64) AppleWebKit/537.36 (KHTML, like Gecko) Chrome/37.0.2062.103 Safari/537.36"
"loadtest_42",2014/09/04 09:13:35,pc,"Mozilla/5.0 (Windows NT 6.1; WOW64; rv:32.0) Gecko/20100101 Firefox/32.0"
"loadtest_42",2014/09/04 09:26:32,pc,"Mozilla/5.0 (Windows NT 6.1; WOW64; rv:32.0) Gecko/20100101 Firefox/32.0"
"loadtest_42",2014/09/04 11:16:02,pc,"Mozilla/5.0 (Windows NT 6.1; WOW64; rv:32.0) Gecko/20100101 Firefox/32.0"
"loadtest_42",2014/09/04 11:52:50,pc,"Mozilla/5.0 (Windows NT 6.1; WOW64; rv:32.0) Gecko/20100101 Firefox/32.0"
"loadtest_42",2014/09/04 12:45:42,pc,"Mozilla/5.0 (Windows NT 6.1; WOW64; rv:32.0) Gecko/20100101 Firefox/32.0"
"loadtest_42",2014/09/04 15:20:54,pc,"Mozilla/5.0 (Windows NT 6.1; WOW64; rv:32.0) Gecko/20100101 Firefox/32.0"
"loadtest_42",2014/09/04 15:36:24,pc,"Mozilla/5.0 (Windows NT 6.1; WOW64; rv:32.0) Gecko/20100101 Firefox/32.0"
"loadtest_43",2014/09/03 21:26:46,pc,"Mozilla/5.0 (Windows NT 6.3; WOW64) AppleWebKit/537.36 (KHTML, like Gecko) Chrome/37.0.2062.103 Safari/537.36"
"loadtest_43",2014/09/04 09:13:35,pc,"Mozilla/5.0 (Windows NT 6.1; WOW64; rv:32.0) Gecko/20100101 Firefox/32.0"
"loadtest_43",2014/09/04 09:26:32,pc,"Mozilla/5.0 (Windows NT 6.1; WOW64; rv:32.0) Gecko/20100101 Firefox/32.0"
"loadtest_43",2014/09/04 11:16:02,pc,"Mozilla/5.0 (Windows NT 6.1; WOW64; rv:32.0) Gecko/20100101 Firefox/32.0"
"loadtest_43",2014/09/04 11:52:50,pc,"Mozilla/5.0 (Windows NT 6.1; WOW64; rv:32.0) Gecko/20100101 Firefox/32.0"
"loadtest_43",2014/09/04 12:45:42,pc,"Mozilla/5.0 (Windows NT 6.1; WOW64; rv:32.0) Gecko/20100101 Firefox/32.0"
"loadtest_43",2014/09/04 15:20:54,pc,"Mozilla/5.0 (Windows NT 6.1; WOW64; rv:32.0) Gecko/20100101 Firefox/32.0"
"loadtest_43",2014/09/04 15:36:24,pc,"Mozilla/5.0 (Windows NT 6.1; WOW64; rv:32.0) Gecko/20100101 Firefox/32.0"
"loadtest_44",2014/09/03 21:26:46,pc,"Mozilla/5.0 (Windows NT 6.3; WOW64) AppleWebKit/537.36 (KHTML, like Gecko) Chrome/37.0.2062.103 Safari/537.36"
"loadtest_44",2014/09/04 09:13:35,pc,"Mozilla/5.0 (Windows NT 6.1; WOW64; rv:32.0) Gecko/20100101 Firefox/32.0"
"loadtest_44",2014/09/04 09:26:32,pc,"Mozilla/5.0 (Windows NT 6.1; WOW64; rv:32.0) Gecko/20100101 Firefox/32.0"
"loadtest_44",2014/09/04 11:16:02,pc,"Mozilla/5.0 (Windows NT 6.1; WOW64; rv:32.0) Gecko/20100101 Firefox/32.0"
"loadtest_44",2014/09/04 11:52:50,pc,"Mozilla/5.0 (Windows NT 6.1; WOW64; rv:32.0) Gecko/20100101 Firefox/32.0"
"loadtest_44",2014/09/04 12:45:42,pc,"Mozilla/5.0 (Windows NT 6.1; WOW64; rv:32.0) Gecko/20100101 Firefox/32.0"
"loadtest_44",2014/09/04 15:20:54,pc,"Mozilla/5.0 (Windows NT 6.1; WOW64; rv:32.0) Gecko/20100101 Firefox/32.0"
"loadtest_44",2014/09/04 15:36:24,pc,"Mozilla/5.0 (Windows NT 6.1; WOW64; rv:32.0) Gecko/20100101 Firefox/32.0"
"loadtest_45",2014/09/03 21:26:46,pc,"Mozilla/5.0 (Windows NT 6.3; WOW64) AppleWebKit/537.36 (KHTML, like Gecko) Chrome/37.0.2062.103 Safari/537.36"
"loadtest_45",2014/09/04 09:13:35,pc,"Mozilla/5.0 (Windows NT 6.1; WOW64; rv:32.0) Gecko/20100101 Firefox/32.0"
"loadtest_45",2014/09/04 09:26:32,pc,"Mozilla/5.0 (Windows NT 6.1; WOW64; rv:32.0) Gecko/20100101 Firefox/32.0"
"loadtest_45",2014/09/04 11:16:02,pc,"Mozilla/5.0 (Windows NT 6.1; WOW64; rv:32.0) Gecko/20100101 Firefox/32.0"
"loadtest_45",2014/09/04 11:52:50,pc,"Mozilla/5.0 (Windows NT 6.1; WOW64; rv:32.0) Gecko/20100101 Firefox/32.0"
"loadtest_45",2014/09/04 12:45:42,pc,"Mozilla/5.0 (Windows NT 6.1; WOW64; rv:32.0) Gecko/20100101 Firefox/32.0"
"loadtest_45",2014/09/04 15:20:54,pc,"Mozilla/5.0 (Windows NT 6.1; WOW64; rv:32.0) Gecko/20100101 Firefox/32.0"
"loadtest_45",2014/09/04 15:36:24,pc,"Mozilla/5.0 (Windows NT 6.1; WOW64; rv:32.0) Gecko/20100101 Firefox/32.0"
"loadtest_46",2014/09/03 21:26:46,pc,"Mozilla/5.0 (Windows NT 6.3; WOW64) AppleWebKit/537.36 (KHTML, like Gecko) Chrome/37.0.2062.103 Safari/537.36"
"loadtest_46",2014/09/04 09:13:35,pc,"Mozilla/5.0 (Windows NT 6.1; WOW64; rv:32.0) Gecko/20100101 Firefox/32.0"
"loadtest_46",2014/09/04 09:26:32,pc,"Mozilla/5.0 (Windows NT 6.1; WOW64; rv:32.0) Gecko/20100101 Firefox/32.0"
"loadtest_46",2014/09/04 11:16:02,pc,"Mozilla/5.0 (Windows NT 6.1; WOW64; rv:32.0) Gecko/20100101 Firefox/32.0"
"loadtest_46",2014/09/04 11:52:50,pc,"Mozilla/5.0 (Windows NT 6.1; WOW64; rv:32.0) Gecko/20100101 Firefox/32.0"
"loadtest_46",2014/09/04 12:45:42,pc,"Mozilla/5.0 (Windows NT 6.1; WOW64; rv:32.0) Gecko/20100101 Firefox/32.0"
"loadtest_46",2014/09/04 15:20:54,pc,"Mozilla/5.0 (Windows NT 6.1; WOW64; rv:32.0) Gecko/20100101 Firefox/32.0"
"loadtest_46",2014/09/04 15:36:24,pc,"Mozilla/5.0 (Windows NT 6.1; WOW64; rv:32.0) Gecko/20100101 Firefox/32.0"
"loadtest_47",2014/09/03 21:26:46,pc,"Mozilla/5.0 (Windows NT 6.3; WOW64) AppleWebKit/537.36 (KHTML, like Gecko) Chrome/37.0.2062.103 Safari/537.36"
"loadtest_47",2014/09/04 09:13:35,pc,"Mozilla/5.0 (Windows NT 6.1; WOW64; rv:32.0) Gecko/20100101 Firefox/32.0"
"loadtest_47",2014/09/04 09:26:32,pc,"Mozilla/5.0 (Windows NT 6.1; WOW64; rv:32.0) Gecko/20100101 Firefox/32.0"
"loadtest_47",2014/09/04 11:16:02,pc,"Mozilla/5.0 (Windows NT 6.1; WOW64; rv:32.0) Gecko/20100101 Firefox/32.0"
"loadtest_47",2014/09/04 11:52:50,pc,"Mozilla/5.0 (Windows NT 6.1; WOW64; rv:32.0) Gecko/20100101 Firefox/32.0"
"loadtest_47",2014/09/04 12:45:42,pc,"Mozilla/5.0 (Windows NT 6.1; WOW64; rv:32.0) Gecko/20100101 Firefox/32.0"
"loadtest_47",2014/09/04 15:20:54,pc,"Mozilla/5.0 (Windows NT 6.1; WOW64; rv:32.0) Gecko/20100101 Firefox/32.0"
"loadtest_47",2014/09/04 15:36:24,pc,"Mozilla/5.0 (Windows NT 6.1; WOW64; rv:32.0) Gecko/20100101 Firefox/32.0"
"loadtest_48",2014/09/03 21:26:46,pc,"Mozilla/5.0 (Windows NT 6.3; WOW64) AppleWebKit/537.36 (KHTML, like Gecko) Chrome/37.0.2062.103 Safari/537.36"
"loadtest_48",2014/09/04 09:13:35,pc,"Mozilla/5.0 (Windows NT 6.1; WOW64; rv:32.0) Gecko/20100101 Firefox/32.0"
"loadtest_48",2014/09/04 09:26:32,pc,"Mozilla/5.0 (Windows NT 6.1; WOW64; rv:32.0) Gecko/20100101 Firefox/32.0"
"loadtest_48",2014/09/04 11:16:02,pc,"Mozilla/5.0 (Windows NT 6.1; WOW64; rv:32.0) Gecko/20100101 Firefox/32.0"
"loadtest_48",2014/09/04 11:52:50,pc,"Mozilla/5.0 (Windows NT 6.1; WOW64; rv:32.0) Gecko/20100101 Firefox/32.0"
"loadtest_48",2014/09/04 12:45:42,pc,"Mozilla/5.0 (Windows NT 6.1; WOW64; rv:32.0) Gecko/20100101 Firefox/32.0"
"loadtest_48",2014/09/04 15:20:54,pc,"Mozilla/5.0 (Windows NT 6.1; WOW64; rv:32.0) Gecko/20100101 Firefox/32.0"
"loadtest_48",2014/09/04 15:36:24,pc,"Mozilla/5.0 (Windows NT 6.1; WOW64; rv:32.0) Gecko/20100101 Firefox/32.0"
"loadtest_49",2014/09/03 21:26:46,pc,"Mozilla/5.0 (Windows NT 6.3; WOW64) AppleWebKit/537.36 (KHTML, like Gecko) Chrome/37.0.2062.103 Safari/537.36"
"loadtest_49",2014/09/04 09:13:35,pc,"Mozilla/5.0 (Windows NT 6.1; WOW64; rv:32.0) Gecko/20100101 Firefox/32.0"
"loadtest_49",2014/09/04 09:26:32,pc,"Mozilla/5.0 (Windows NT 6.1; WOW64; rv:32.0) Gecko/20100101 Firefox/32.0"
"loadtest_49",2014/09/04 11:16:02,pc,"Mozilla/5.0 (Windows NT 6.1; WOW64; rv:32.0) Gecko/20100101 Firefox/32.0"
"loadtest_49",2014/09/04 11:52:50,pc,"Mozilla/5.0 (Windows NT 6.1; WOW64; rv:32.0) Gecko/20100101 Firefox/32.0"
"loadtest_49",2014/09/04 12:45:42,pc,"Mozilla/5.0 (Windows NT 6.1; WOW64; rv:32.0) Gecko/20100101 Firefox/32.0"
"loadtest_49",2014/09/04 15:20:54,pc,"Mozilla/5.0 (Windows NT 6.1; WOW64; rv:32.0) Gecko/20100101 Firefox/32.0"
"loadtest_49",2014/09/04 15:36:24,pc,"Mozilla/5.0 (Windows NT 6.1; WOW64; rv:32.0) Gecko/20100101 Firefox/32.0"
"loadtest_50",2014/09/03 21:26:46,pc,"Mozilla/5.0 (Windows NT 6.3; WOW64) AppleWebKit/537.36 (KHTML, like Gecko) Chrome/37.0.2062.103 Safari/537.36"
"loadtest_50",2014/09/04 09:13:35,pc,"Mozilla/5.0 (Windows NT 6.1; WOW64; rv:32.0) Gecko/20100101 Firefox/32.0"
"loadtest_50",2014/09/04 09:26:32,pc,"Mozilla/5.0 (Windows NT 6.1; WOW64; rv:32.0) Gecko/20100101 Firefox/32.0"
"loadtest_50",2014/09/04 11:16:02,pc,"Mozilla/5.0 (Windows NT 6.1; WOW64; rv:32.0) Gecko/20100101 Firefox/32.0"
"loadtest_50",2014/09/04 11:52:50,pc,"Mozilla/5.0 (Windows NT 6.1; WOW64; rv:32.0) Gecko/20100101 Firefox/32.0"
"loadtest_50",2014/09/04 12:45:42,pc,"Mozilla/5.0 (Windows NT 6.1; WOW64; rv:32.0) Gecko/20100101 Firefox/32.0"
"loadtest_50",2014/09/04 15:20:54,pc,"Mozilla/5.0 (Windows NT 6.1; WOW64; rv:32.0) Gecko/20100101 Firefox/32.0"
"loadtest_50",2014/09/04 15:36:24,pc,"Mozilla/5.0 (Windows NT 6.1; WOW64; rv:32.0) Gecko/20100101 Firefox/32.0"
"loadtest_51",2014/09/03 21:26:46,pc,"Mozilla/5.0 (Windows NT 6.3; WOW64) AppleWebKit/537.36 (KHTML, like Gecko) Chrome/37.0.2062.103 Safari/537.36"
"loadtest_51",2014/09/04 09:13:35,pc,"Mozilla/5.0 (Windows NT 6.1; WOW64; rv:32.0) Gecko/20100101 Firefox/32.0"
"loadtest_51",2014/09/04 09:26:32,pc,"Mozilla/5.0 (Windows NT 6.1; WOW64; rv:32.0) Gecko/20100101 Firefox/32.0"
"loadtest_51",2014/09/04 11:16:02,pc,"Mozilla/5.0 (Windows NT 6.1; WOW64; rv:32.0) Gecko/20100101 Firefox/32.0"
"loadtest_51",2014/09/04 11:52:50,pc,"Mozilla/5.0 (Windows NT 6.1; WOW64; rv:32.0) Gecko/20100101 Firefox/32.0"
"loadtest_51",2014/09/04 12:45:42,pc,"Mozilla/5.0 (Windows NT 6.1; WOW64; rv:32.0) Gecko/20100101 Firefox/32.0"
"loadtest_51",2014/09/04 15:20:54,pc,"Mozilla/5.0 (Windows NT 6.1; WOW64; rv:32.0) Gecko/20100101 Firefox/32.0"
"loadtest_51",2014/09/04 15:36:24,pc,"Mozilla/5.0 (Windows NT 6.1; WOW64; rv:32.0) Gecko/20100101 Firefox/32.0"
"loadtest_52",2014/09/03 21:26:46,pc,"Mozilla/5.0 (Windows NT 6.3; WOW64) AppleWebKit/537.36 (KHTML, like Gecko) Chrome/37.0.2062.103 Safari/537.36"
"loadtest_52",2014/09/04 09:13:35,pc,"Mozilla/5.0 (Windows NT 6.1; WOW64; rv:32.0) Gecko/20100101 Firefox/32.0"
"loadtest_52",2014/09/04 09:26:32,pc,"Mozilla/5.0 (Windows NT 6.1; WOW64; rv:32.0) Gecko/20100101 Firefox/32.0"
"loadtest_52",2014/09/04 11:16:02,pc,"Mozilla/5.0 (Windows NT 6.1; WOW64; rv:32.0) Gecko/20100101 Firefox/32.0"
"loadtest_52",2014/09/04 11:52:50,pc,"Mozilla/5.0 (Windows NT 6.1; WOW64; rv:32.0) Gecko/20100101 Firefox/32.0"
"loadtest_52",2014/09/04 12:45:42,pc,"Mozilla/5.0 (Windows NT 6.1; WOW64; rv:32.0) Gecko/20100101 Firefox/32.0"
"loadtest_52",2014/09/04 15:20:54,pc,"Mozilla/5.0 (Windows NT 6.1; WOW64; rv:32.0) Gecko/20100101 Firefox/32.0"
"loadtest_52",2014/09/04 15:36:24,pc,"Mozilla/5.0 (Windows NT 6.1; WOW64; rv:32.0) Gecko/20100101 Firefox/32.0"
"loadtest_53",2014/09/03 21:26:46,pc,"Mozilla/5.0 (Windows NT 6.3; WOW64) AppleWebKit/537.36 (KHTML, like Gecko) Chrome/37.0.2062.103 Safari/537.36"
"loadtest_53",2014/09/04 09:13:35,pc,"Mozilla/5.0 (Windows NT 6.1; WOW64; rv:32.0) Gecko/20100101 Firefox/32.0"
"loadtest_53",2014/09/04 09:26:32,pc,"Mozilla/5.0 (Windows NT 6.1; WOW64; rv:32.0) Gecko/20100101 Firefox/32.0"
"loadtest_53",2014/09/04 11:16:02,pc,"Mozilla/5.0 (Windows NT 6.1; WOW64; rv:32.0) Gecko/20100101 Firefox/32.0"
"loadtest_53",2014/09/04 11:52:50,pc,"Mozilla/5.0 (Windows NT 6.1; WOW64; rv:32.0) Gecko/20100101 Firefox/32.0"
"loadtest_53",2014/09/04 12:45:42,pc,"Mozilla/5.0 (Windows NT 6.1; WOW64; rv:32.0) Gecko/20100101 Firefox/32.0"
"loadtest_53",2014/09/04 15:20:54,pc,"Mozilla/5.0 (Windows NT 6.1; WOW64; rv:32.0) Gecko/20100101 Firefox/32.0"
"loadtest_53",2014/09/04 15:36:24,pc,"Mozilla/5.0 (Windows NT 6.1; WOW64; rv:32.0) Gecko/20100101 Firefox/32.0"
"loadtest_54",2014/09/03 21:26:46,pc,"Mozilla/5.0 (Windows NT 6.3; WOW64) AppleWebKit/537.36 (KHTML, like Gecko) Chrome/37.0.2062.103 Safari/537.36"
"loadtest_54",2014/09/04 09:13:35,pc,"Mozilla/5.0 (Windows NT 6.1; WOW64; rv:32.0) Gecko/20100101 Firefox/32.0"
"loadtest_54",2014/09/04 09:26:32,pc,"Mozilla/5.0 (Windows NT 6.1; WOW64; rv:32.0) Gecko/20100101 Firefox/32.0"
"loadtest_54",2014/09/04 11:16:02,pc,"Mozilla/5.0 (Windows NT 6.1; WOW64; rv:32.0) Gecko/20100101 Firefox/32.0"
"loadtest_54",2014/09/04 11:52:50,pc,"Mozilla/5.0 (Windows NT 6.1; WOW64; rv:32.0) Gecko/20100101 Firefox/32.0"
"loadtest_54",2014/09/04 12:45:42,pc,"Mozilla/5.0 (Windows NT 6.1; WOW64; rv:32.0) Gecko/20100101 Firefox/32.0"
"loadtest_54",2014/09/04 15:20:54,pc,"Mozilla/5.0 (Windows NT 6.1; WOW64; rv:32.0) Gecko/20100101 Firefox/32.0"
"loadtest_54",2014/09/04 15:36:24,pc,"Mozilla/5.0 (Windows NT 6.1; WOW64; rv:32.0) Gecko/20100101 Firefox/32.0"
"loadtest_55",2014/09/03 21:26:46,pc,"Mozilla/5.0 (Windows NT 6.3; WOW64) AppleWebKit/537.36 (KHTML, like Gecko) Chrome/37.0.2062.103 Safari/537.36"
"loadtest_55",2014/09/04 09:13:35,pc,"Mozilla/5.0 (Windows NT 6.1; WOW64; rv:32.0) Gecko/20100101 Firefox/32.0"
"loadtest_55",2014/09/04 09:26:32,pc,"Mozilla/5.0 (Windows NT 6.1; WOW64; rv:32.0) Gecko/20100101 Firefox/32.0"
"loadtest_55",2014/09/04 11:16:02,pc,"Mozilla/5.0 (Windows NT 6.1; WOW64; rv:32.0) Gecko/20100101 Firefox/32.0"
"loadtest_55",2014/09/04 11:52:50,pc,"Mozilla/5.0 (Windows NT 6.1; WOW64; rv:32.0) Gecko/20100101 Firefox/32.0"
"loadtest_55",2014/09/04 12:45:42,pc,"Mozilla/5.0 (Windows NT 6.1; WOW64; rv:32.0) Gecko/20100101 Firefox/32.0"
"loadtest_55",2014/09/04 15:20:54,pc,"Mozilla/5.0 (Windows NT 6.1; WOW64; rv:32.0) Gecko/20100101 Firefox/32.0"
"loadtest_55",2014/09/04 15:36:24,pc,"Mozilla/5.0 (Windows NT 6.1; WOW64; rv:32.0) Gecko/20100101 Firefox/32.0"
"loadtest_56",2014/09/03 21:26:46,pc,"Mozilla/5.0 (Windows NT 6.3; WOW64) AppleWebKit/537.36 (KHTML, like Gecko) Chrome/37.0.2062.103 Safari/537.36"
"loadtest_56",2014/09/04 09:13:35,pc,"Mozilla/5.0 (Windows NT 6.1; WOW64; rv:32.0) Gecko/20100101 Firefox/32.0"
"loadtest_56",2014/09/04 09:26:32,pc,"Mozilla/5.0 (Windows NT 6.1; WOW64; rv:32.0) Gecko/20100101 Firefox/32.0"
"loadtest_56",2014/09/04 11:16:02,pc,"Mozilla/5.0 (Windows NT 6.1; WOW64; rv:32.0) Gecko/20100101 Firefox/32.0"
"loadtest_56",2014/09/04 11:52:50,pc,"Mozilla/5.0 (Windows NT 6.1; WOW64; rv:32.0) Gecko/20100101 Firefox/32.0"
"loadtest_56",2014/09/04 12:45:42,pc,"Mozilla/5.0 (Windows NT 6.1; WOW64; rv:32.0) Gecko/20100101 Firefox/32.0"
"loadtest_56",2014/09/04 15:20:54,pc,"Mozilla/5.0 (Windows NT 6.1; WOW64; rv:32.0) Gecko/20100101 Firefox/32.0"
"loadtest_56",2014/09/04 15:36:24,pc,"Mozilla/5.0 (Windows NT 6.1; WOW64; rv:32.0) Gecko/20100101 Firefox/32.0"
"loadtest_57",2014/09/03 21:26:46,pc,"Mozilla/5.0 (Windows NT 6.3; WOW64) AppleWebKit/537.36 (KHTML, like Gecko) Chrome/37.0.2062.103 Safari/537.36"
"loadtest_57",2014/09/04 09:13:35,pc,"Mozilla/5.0 (Windows NT 6.1; WOW64; rv:32.0) Gecko/20100101 Firefox/32.0"
"loadtest_57",2014/09/04 09:26:32,pc,"Mozilla/5.0 (Windows NT 6.1; WOW64; rv:32.0) Gecko/20100101 Firefox/32.0"
"loadtest_57",2014/09/04 11:16:02,pc,"Mozilla/5.0 (Windows NT 6.1; WOW64; rv:32.0) Gecko/20100101 Firefox/32.0"
"loadtest_57",2014/09/04 11:52:50,pc,"Mozilla/5.0 (Windows NT 6.1; WOW64; rv:32.0) Gecko/20100101 Firefox/32.0"
"loadtest_57",2014/09/04 12:45:42,pc,"Mozilla/5.0 (Windows NT 6.1; WOW64; rv:32.0) Gecko/20100101 Firefox/32.0"
"loadtest_57",2014/09/04 15:20:54,pc,"Mozilla/5.0 (Windows NT 6.1; WOW64; rv:32.0) Gecko/20100101 Firefox/32.0"
"loadtest_57",2014/09/04 15:36:24,pc,"Mozilla/5.0 (Windows NT 6.1; WOW64; rv:32.0) Gecko/20100101 Firefox/32.0"
"loadtest_58",2014/09/03 21:26:46,pc,"Mozilla/5.0 (Windows NT 6.3; WOW64) AppleWebKit/537.36 (KHTML, like Gecko) Chrome/37.0.2062.103 Safari/537.36"
"loadtest_58",2014/09/04 09:13:35,pc,"Mozilla/5.0 (Windows NT 6.1; WOW64; rv:32.0) Gecko/20100101 Firefox/32.0"
"loadtest_58",2014/09/04 09:26:32,pc,"Mozilla/5.0 (Windows NT 6.1; WOW64; rv:32.0) Gecko/20100101 Firefox/32.0"
"loadtest_58",2014/09/04 11:16:02,pc,"Mozilla/5.0 (Windows NT 6.1; WOW64; rv:32.0) Gecko/20100101 Firefox/32.0"
"loadtest_58",2014/09/04 11:52:50,pc,"Mozilla/5.0 (Windows NT 6.1; WOW64; rv:32.0) Gecko/20100101 Firefox/32.0"
"loadtest_58",2014/09/04 12:45:42,pc,"Mozilla/5.0 (Windows NT 6.1; WOW64; rv:32.0) Gecko/20100101 Firefox/32.0"
"loadtest_58",2014/09/04 15:20:54,pc,"Mozilla/5.0 (Windows NT 6.1; WOW64; rv:32.0) Gecko/20100101 Firefox/32.0"
"loadtest_58",2014/09/04 15:36:24,pc,"Mozilla/5.0 (Windows NT 6.1; WOW64; rv:32.0) Gecko/20100101 Firefox/32.0"
"loadtest_59",2014/09/03 21:26:46,pc,"Mozilla/5.0 (Windows NT 6.3; WOW64) AppleWebKit/537.36 (KHTML, like Gecko) Chrome/37.0.2062.103 Safari/537.36"
"loadtest_59",2014/09/04 09:13:35,pc,"Mozilla/5.0 (Windows NT 6.1; WOW64; rv:32.0) Gecko/20100101 Firefox/32.0"
"loadtest_59",2014/09/04 09:26:32,pc,"Mozilla/5.0 (Windows NT 6.1; WOW64; rv:32.0) Gecko/20100101 Firefox/32.0"
"loadtest_59",2014/09/04 11:16:02,pc,"Mozilla/5.0 (Windows NT 6.1; WOW64; rv:32.0) Gecko/20100101 Firefox/32.0"
"loadtest_59",2014/09/04 11:52:50,pc,"Mozilla/5.0 (Windows NT 6.1; WOW64; rv:32.0) Gecko/20100101 Firefox/32.0"
"loadtest_59",2014/09/04 12:45:42,pc,"Mozilla/5.0 (Windows NT 6.1; WOW64; rv:32.0) Gecko/20100101 Firefox/32.0"
"loadtest_59",2014/09/04 15:20:54,pc,"Mozilla/5.0 (Windows NT 6.1; WOW64; rv:32.0) Gecko/20100101 Firefox/32.0"
"loadtest_59",2014/09/04 15:36:24,pc,"Mozilla/5.0 (Windows NT 6.1; WOW64; rv:32.0) Gecko/20100101 Firefox/32.0"
"loadtest_60",2014/09/03 21:26:46,pc,"Mozilla/5.0 (Windows NT 6.3; WOW64) AppleWebKit/537.36 (KHTML, like Gecko) Chrome/37.0.2062.103 Safari/537.36"
"loadtest_60",2014/09/04 09:13:35,pc,"Mozilla/5.0 (Windows NT 6.1; WOW64; rv:32.0) Gecko/20100101 Firefox/32.0"
"loadtest_60",2014/09/04 09:26:32,pc,"Mozilla/5.0 (Windows NT 6.1; WOW64; rv:32.0) Gecko/20100101 Firefox/32.0"
"loadtest_60",2014/09/04 11:16:02,pc,"Mozilla/5.0 (Windows NT 6.1; WOW64; rv:32.0) Gecko/20100101 Firefox/32.0"
"loadtest_60",2014/09/04 11:52:50,pc,"Mozilla/5.0 (Windows NT 6.1; WOW64; rv:32.0) Gecko/20100101 Firefox/32.0"
"loadtest_60",2014/09/04 12:45:42,pc,"Mozilla/5.0 (Windows NT 6.1; WOW64; rv:32.0) Gecko/20100101 Firefox/32.0"
"loadtest_60",2014/09/04 15:20:54,pc,"Mozilla/5.0 (Windows NT 6.1; WOW64; rv:32.0) Gecko/20100101 Firefox/32.0"
"loadtest_60",2014/09/04 15:36:24,pc,"Mozilla/5.0 (Windows NT 6.1; WOW64; rv:32.0) Gecko/20100101 Firefox/32.0"
"loadtest_61",2014/09/03 21:26:46,pc,"Mozilla/5.0 (Windows NT 6.3; WOW64) AppleWebKit/537.36 (KHTML, like Gecko) Chrome/37.0.2062.103 Safari/537.36"
"loadtest_61",2014/09/04 09:13:35,pc,"Mozilla/5.0 (Windows NT 6.1; WOW64; rv:32.0) Gecko/20100101 Firefox/32.0"
"loadtest_61",2014/09/04 09:26:32,pc,"Mozilla/5.0 (Windows NT 6.1; WOW64; rv:32.0) Gecko/20100101 Firefox/32.0"
"loadtest_61",2014/09/04 11:16:02,pc,"Mozilla/5.0 (Windows NT 6.1; WOW64; rv:32.0) Gecko/20100101 Firefox/32.0"
"loadtest_61",2014/09/04 11:52:50,pc,"Mozilla/5.0 (Windows NT 6.1; WOW64; rv:32.0) Gecko/20100101 Firefox/32.0"
"loadtest_61",2014/09/04 12:45:42,pc,"Mozilla/5.0 (Windows NT 6.1; WOW64; rv:32.0) Gecko/20100101 Firefox/32.0"
"loadtest_61",2014/09/04 15:20:54,pc,"Mozilla/5.0 (Windows NT 6.1; WOW64; rv:32.0) Gecko/20100101 Firefox/32.0"
"loadtest_61",2014/09/04 15:36:24,pc,"Mozilla/5.0 (Windows NT 6.1; WOW64; rv:32.0) Gecko/20100101 Firefox/32.0"
"loadtest_62",2014/09/03 21:26:46,pc,"Mozilla/5.0 (Windows NT 6.3; WOW64) AppleWebKit/537.36 (KHTML, like Gecko) Chrome/37.0.2062.103 Safari/537.36"
"loadtest_62",2014/09/04 09:13:35,pc,"Mozilla/5.0 (Windows NT 6.1; WOW64; rv:32.0) Gecko/20100101 Firefox/32.0"
"loadtest_62",2014/09/04 09:26:32,pc,"Mozilla/5.0 (Windows NT 6.1; WOW64; rv:32.0) Gecko/20100101 Firefox/32.0"
"loadtest_62",2014/09/04 11:16:02,pc,"Mozilla/5.0 (Windows NT 6.1; WOW64; rv:32.0) Gecko/20100101 Firefox/32.0"
"loadtest_62",2014/09/04 11:52:50,pc,"Mozilla/5.0 (Windows NT 6.1; WOW64; rv:32.0) Gecko/20100101 Firefox/32.0"
"loadtest_62",2014/09/04 12:45:42,pc,"Mozilla/5.0 (Windows NT 6.1; WOW64; rv:32.0) Gecko/20100101 Firefox/32.0"
"loadtest_62",2014/09/04 15:20:54,pc,"Mozilla/5.0 (Windows NT 6.1; WOW64; rv:32.0) Gecko/20100101 Firefox/32.0"
"loadtest_62",2014/09/04 15:36:24,pc,"Mozilla/5.0 (Windows NT 6.1; WOW64; rv:32.0) Gecko/20100101 Firefox/32.0"
"loadtest_63",2014/09/03 21:26:46,pc,"Mozilla/5.0 (Windows NT 6.3; WOW64) AppleWebKit/537.36 (KHTML, like Gecko) Chrome/37.0.2062.103 Safari/537.36"
"loadtest_63",2014/09/04 09:13:35,pc,"Mozilla/5.0 (Windows NT 6.1; WOW64; rv:32.0) Gecko/20100101 Firefox/32.0"
"loadtest_63",2014/09/04 09:26:32,pc,"Mozilla/5.0 (Windows NT 6.1; WOW64; rv:32.0) Gecko/20100101 Firefox/32.0"
"loadtest_63",2014/09/04 11:16:02,pc,"Mozilla/5.0 (Windows NT 6.1; WOW64; rv:32.0) Gecko/20100101 Firefox/32.0"
"loadtest_63",2014/09/04 11:52:50,pc,"Mozilla/5.0 (Windows NT 6.1; WOW64; rv:32.0) Gecko/20100101 Firefox/32.0"
"loadtest_63",2014/09/04 12:45:42,pc,"Mozilla/5.0 (Windows NT 6.1; WOW64; rv:32.0) Gecko/20100101 Firefox/32.0"
"loadtest_63",2014/09/04 15:20:54,pc,"Mozilla/5.0 (Windows NT 6.1; WOW64; rv:32.0) Gecko/20100101 Firefox/32.0"
"loadtest_63",2014/09/04 15:36:24,pc,"Mozilla/5.0 (Windows NT 6.1; WOW64; rv:32.0) Gecko/20100101 Firefox/32.0"
"loadtest_64",2014/09/03 21:26:46,pc,"Mozilla/5.0 (Windows NT 6.3; WOW64) AppleWebKit/537.36 (KHTML, like Gecko) Chrome/37.0.2062.103 Safari/537.36"
"loadtest_64",2014/09/04 09:13:35,pc,"Mozilla/5.0 (Windows NT 6.1; WOW64; rv:32.0) Gecko/20100101 Firefox/32.0"
"loadtest_64",2014/09/04 09:26:32,pc,"Mozilla/5.0 (Windows NT 6.1; WOW64; rv:32.0) Gecko/20100101 Firefox/32.0"
"loadtest_64",2014/09/04 11:16:02,pc,"Mozilla/5.0 (Windows NT 6.1; WOW64; rv:32.0) Gecko/20100101 Firefox/32.0"
"loadtest_64",2014/09/04 11:52:50,pc,"Mozilla/5.0 (Windows NT 6.1; WOW64; rv:32.0) Gecko/20100101 Firefox/32.0"
"loadtest_64",2014/09/04 12:45:42,pc,"Mozilla/5.0 (Windows NT 6.1; WOW64; rv:32.0) Gecko/20100101 Firefox/32.0"
"loadtest_64",2014/09/04 15:20:54,pc,"Mozilla/5.0 (Windows NT 6.1; WOW64; rv:32.0) Gecko/20100101 Firefox/32.0"
"loadtest_64",2014/09/04 15:36:24,pc,"Mozilla/5.0 (Windows NT 6.1; WOW64; rv:32.0) Gecko/20100101 Firefox/32.0"
"loadtest_65",2014/09/03 21:26:46,pc,"Mozilla/5.0 (Windows NT 6.3; WOW64) AppleWebKit/537.36 (KHTML, like Gecko) Chrome/37.0.2062.103 Safari/537.36"
"loadtest_65",2014/09/04 09:13:35,pc,"Mozilla/5.0 (Windows NT 6.1; WOW64; rv:32.0) Gecko/20100101 Firefox/32.0"
"loadtest_65",2014/09/04 09:26:32,pc,"Mozilla/5.0 (Windows NT 6.1; WOW64; rv:32.0) Gecko/20100101 Firefox/32.0"
"loadtest_65",2014/09/04 11:16:02,pc,"Mozilla/5.0 (Windows NT 6.1; WOW64; rv:32.0) Gecko/20100101 Firefox/32.0"
"loadtest_65",2014/09/04 11:52:50,pc,"Mozilla/5.0 (Windows NT 6.1; WOW64; rv:32.0) Gecko/20100101 Firefox/32.0"
"loadtest_65",2014/09/04 12:45:42,pc,"Mozilla/5.0 (Windows NT 6.1; WOW64; rv:32.0) Gecko/20100101 Firefox/32.0"
"loadtest_65",2014/09/04 15:20:54,pc,"Mozilla/5.0 (Windows NT 6.1; WOW64; rv:32.0) Gecko/20100101 Firefox/32.0"
"loadtest_65",2014/09/04 15:36:24,pc,"Mozilla/5.0 (Windows NT 6.1; WOW64; rv:32.0) Gecko/20100101 Firefox/32.0"
"loadtest_66",2014/09/03 21:26:46,pc,"Mozilla/5.0 (Windows NT 6.3; WOW64) AppleWebKit/537.36 (KHTML, like Gecko) Chrome/37.0.2062.103 Safari/537.36"
"loadtest_66",2014/09/04 09:13:35,pc,"Mozilla/5.0 (Windows NT 6.1; WOW64; rv:32.0) Gecko/20100101 Firefox/32.0"
"loadtest_66",2014/09/04 09:26:32,pc,"Mozilla/5.0 (Windows NT 6.1; WOW64; rv:32.0) Gecko/20100101 Firefox/32.0"
"loadtest_66",2014/09/04 11:16:02,pc,"Mozilla/5.0 (Windows NT 6.1; WOW64; rv:32.0) Gecko/20100101 Firefox/32.0"
"loadtest_66",2014/09/04 11:52:50,pc,"Mozilla/5.0 (Windows NT 6.1; WOW64; rv:32.0) Gecko/20100101 Firefox/32.0"
"loadtest_66",2014/09/04 12:45:42,pc,"Mozilla/5.0 (Windows NT 6.1; WOW64; rv:32.0) Gecko/20100101 Firefox/32.0"
"loadtest_66",2014/09/04 15:20:54,pc,"Mozilla/5.0 (Windows NT 6.1; WOW64; rv:32.0) Gecko/20100101 Firefox/32.0"
"loadtest_66",2014/09/04 15:36:24,pc,"Mozilla/5.0 (Windows NT 6.1; WOW64; rv:32.0) Gecko/20100101 Firefox/32.0"
"loadtest_67",2014/09/03 21:26:46,pc,"Mozilla/5.0 (Windows NT 6.3; WOW64) AppleWebKit/537.36 (KHTML, like Gecko) Chrome/37.0.2062.103 Safari/537.36"
"loadtest_67",2014/09/04 09:13:35,pc,"Mozilla/5.0 (Windows NT 6.1; WOW64; rv:32.0) Gecko/20100101 Firefox/32.0"
"loadtest_67",2014/09/04 09:26:32,pc,"Mozilla/5.0 (Windows NT 6.1; WOW64; rv:32.0) Gecko/20100101 Firefox/32.0"
"loadtest_67",2014/09/04 11:16:02,pc,"Mozilla/5.0 (Windows NT 6.1; WOW64; rv:32.0) Gecko/20100101 Firefox/32.0"
"loadtest_67",2014/09/04 11:52:50,pc,"Mozilla/5.0 (Windows NT 6.1; WOW64; rv:32.0) Gecko/20100101 Firefox/32.0"
"loadtest_67",2014/09/04 12:45:42,pc,"Mozilla/5.0 (Windows NT 6.1; WOW64; rv:32.0) Gecko/20100101 Firefox/32.0"
"loadtest_67",2014/09/04 15:20:54,pc,"Mozilla/5.0 (Windows NT 6.1; WOW64; rv:32.0) Gecko/20100101 Firefox/32.0"
"loadtest_67",2014/09/04 15:36:24,pc,"Mozilla/5.0 (Windows NT 6.1; WOW64; rv:32.0) Gecko/20100101 Firefox/32.0"
"loadtest_68",2014/09/03 21:26:46,pc,"Mozilla/5.0 (Windows NT 6.3; WOW64) AppleWebKit/537.36 (KHTML, like Gecko) Chrome/37.0.2062.103 Safari/537.36"
"loadtest_68",2014/09/04 09:13:35,pc,"Mozilla/5.0 (Windows NT 6.1; WOW64; rv:32.0) Gecko/20100101 Firefox/32.0"
"loadtest_68",2014/09/04 09:26:32,pc,"Mozilla/5.0 (Windows NT 6.1; WOW64; rv:32.0) Gecko/20100101 Firefox/32.0"
"loadtest_68",2014/09/04 11:16:02,pc,"Mozilla/5.0 (Windows NT 6.1; WOW64; rv:32.0) Gecko/20100101 Firefox/32.0"
"loadtest_68",2014/09/04 11:52:50,pc,"Mozilla/5.0 (Windows NT 6.1; WOW64; rv:32.0) Gecko/20100101 Firefox/32.0"
"loadtest_68",2014/09/04 12:45:42,pc,"Mozilla/5.0 (Windows NT 6.1; WOW64; rv:32.0) Gecko/20100101 Firefox/32.0"
"loadtest_68",2014/09/04 15:20:54,pc,"Mozilla/5.0 (Windows NT 6.1; WOW64; rv:32.0) Gecko/20100101 Firefox/32.0"
"loadtest_68",2014/09/04 15:36:24,pc,"Mozilla/5.0 (Windows NT 6.1; WOW64; rv:32.0) Gecko/20100101 Firefox/32.0"
"loadtest_69",2014/09/03 21:26:46,pc,"Mozilla/5.0 (Windows NT 6.3; WOW64) AppleWebKit/537.36 (KHTML, like Gecko) Chrome/37.0.2062.103 Safari/537.36"
"loadtest_69",2014/09/04 09:13:35,pc,"Mozilla/5.0 (Windows NT 6.1; WOW64; rv:32.0) Gecko/20100101 Firefox/32.0"
"loadtest_69",2014/09/04 09:26:32,pc,"Mozilla/5.0 (Windows NT 6.1; WOW64; rv:32.0) Gecko/20100101 Firefox/32.0"
"loadtest_69",2014/09/04 11:16:02,pc,"Mozilla/5.0 (Windows NT 6.1; WOW64; rv:32.0) Gecko/20100101 Firefox/32.0"
"loadtest_69",2014/09/04 11:52:50,pc,"Mozilla/5.0 (Windows NT 6.1; WOW64; rv:32.0) Gecko/20100101 Firefox/32.0"
"loadtest_69",2014/09/04 12:45:42,pc,"Mozilla/5.0 (Windows NT 6.1; WOW64; rv:32.0) Gecko/20100101 Firefox/32.0"
"loadtest_69",2014/09/04 15:20:54,pc,"Mozilla/5.0 (Windows NT 6.1; WOW64; rv:32.0) Gecko/20100101 Firefox/32.0"
"loadtest_69",2014/09/04 15:36:24,pc,"Mozilla/5.0 (Windows NT 6.1; WOW64; rv:32.0) Gecko/20100101 Firefox/32.0"
"loadtest_70",2014/09/03 21:26:46,pc,"Mozilla/5.0 (Windows NT 6.3; WOW64) AppleWebKit/537.36 (KHTML, like Gecko) Chrome/37.0.2062.103 Safari/537.36"
"loadtest_70",2014/09/04 09:13:35,pc,"Mozilla/5.0 (Windows NT 6.1; WOW64; rv:32.0) Gecko/20100101 Firefox/32.0"
"loadtest_70",2014/09/04 09:26:32,pc,"Mozilla/5.0 (Windows NT 6.1; WOW64; rv:32.0) Gecko/20100101 Firefox/32.0"
"loadtest_70",2014/09/04 11:16:02,pc,"Mozilla/5.0 (Windows NT 6.1; WOW64; rv:32.0) Gecko/20100101 Firefox/32.0"
"loadtest_70",2014/09/04 11:52:50,pc,"Mozilla/5.0 (Windows NT 6.1; WOW64; rv:32.0) Gecko/20100101 Firefox/32.0"
"loadtest_70",2014/09/04 12:45:42,pc,"Mozilla/5.0 (Windows NT 6.1; WOW64; rv:32.0) Gecko/20100101 Firefox/32.0"
"loadtest_70",2014/09/04 15:20:54,pc,"Mozilla/5.0 (Windows NT 6.1; WOW64; rv:32.0) Gecko/20100101 Firefox/32.0"
"loadtest_70",2014/09/04 15:36:24,pc,"Mozilla/5.0 (Windows NT 6.1; WOW64; rv:32.0) Gecko/20100101 Firefox/32.0"
"loadtest_71",2014/09/03 21:26:46,pc,"Mozilla/5.0 (Windows NT 6.3; WOW64) AppleWebKit/537.36 (KHTML, like Gecko) Chrome/37.0.2062.103 Safari/537.36"
"loadtest_71",2014/09/04 09:13:35,pc,"Mozilla/5.0 (Windows NT 6.1; WOW64; rv:32.0) Gecko/20100101 Firefox/32.0"
"loadtest_71",2014/09/04 09:26:32,pc,"Mozilla/5.0 (Windows NT 6.1; WOW64; rv:32.0) Gecko/20100101 Firefox/32.0"
"loadtest_71",2014/09/04 11:16:02,pc,"Mozilla/5.0 (Windows NT 6.1; WOW64; rv:32.0) Gecko/20100101 Firefox/32.0"
"loadtest_71",2014/09/04 11:52:50,pc,"Mozilla/5.0 (Windows NT 6.1; WOW64; rv:32.0) Gecko/20100101 Firefox/32.0"
"loadtest_71",2014/09/04 12:45:42,pc,"Mozilla/5.0 (Windows NT 6.1; WOW64; rv:32.0) Gecko/20100101 Firefox/32.0"
"loadtest_71",2014/09/04 15:20:54,pc,"Mozilla/5.0 (Windows NT 6.1; WOW64; rv:32.0) Gecko/20100101 Firefox/32.0"
"loadtest_71",2014/09/04 15:36:24,pc,"Mozilla/5.0 (Windows NT 6.1; WOW64; rv:32.0) Gecko/20100101 Firefox/32.0"
"loadtest_72",2014/09/03 21:26:46,pc,"Mozilla/5.0 (Windows NT 6.3; WOW64) AppleWebKit/537.36 (KHTML, like Gecko) Chrome/37.0.2062.103 Safari/537.36"
"loadtest_72",2014/09/04 09:13:35,pc,"Mozilla/5.0 (Windows NT 6.1; WOW64; rv:32.0) Gecko/20100101 Firefox/32.0"
"loadtest_72",2014/09/04 09:26:32,pc,"Mozilla/5.0 (Windows NT 6.1; WOW64; rv:32.0) Gecko/20100101 Firefox/32.0"
"loadtest_72",2014/09/04 11:16:02,pc,"Mozilla/5.0 (Windows NT 6.1; WOW64; rv:32.0) Gecko/20100101 Firefox/32.0"
"loadtest_72",2014/09/04 11:52:50,pc,"Mozilla/5.0 (Windows NT 6.1; WOW64; rv:32.0) Gecko/20100101 Firefox/32.0"
"loadtest_72",2014/09/04 12:45:42,pc,"Mozilla/5.0 (Windows NT 6.1; WOW64; rv:32.0) Gecko/20100101 Firefox/32.0"
"loadtest_72",2014/09/04 15:20:54,pc,"Mozilla/5.0 (Windows NT 6.1; WOW64; rv:32.0) Gecko/20100101 Firefox/32.0"
"loadtest_72",2014/09/04 15:36:24,pc,"Mozilla/5.0 (Windows NT 6.1; WOW64; rv:32.0) Gecko/20100101 Firefox/32.0"
"loadtest_73",2014/09/03 21:26:46,pc,"Mozilla/5.0 (Windows NT 6.3; WOW64) AppleWebKit/537.36 (KHTML, like Gecko) Chrome/37.0.2062.103 Safari/537.36"
"loadtest_73",2014/09/04 09:13:35,pc,"Mozilla/5.0 (Windows NT 6.1; WOW64; rv:32.0) Gecko/20100101 Firefox/32.0"
"loadtest_73",2014/09/04 09:26:32,pc,"Mozilla/5.0 (Windows NT 6.1; WOW64; rv:32.0) Gecko/20100101 Firefox/32.0"
"loadtest_73",2014/09/04 11:16:02,pc,"Mozilla/5.0 (Windows NT 6.1; WOW64; rv:32.0) Gecko/20100101 Firefox/32.0"
"loadtest_73",2014/09/04 11:52:50,pc,"Mozilla/5.0 (Windows NT 6.1; WOW64; rv:32.0) Gecko/20100101 Firefox/32.0"
"loadtest_73",2014/09/04 12:45:42,pc,"Mozilla/5.0 (Windows NT 6.1; WOW64; rv:32.0) Gecko/20100101 Firefox/32.0"
"loadtest_73",2014/09/04 15:20:54,pc,"Mozilla/5.0 (Windows NT 6.1; WOW64; rv:32.0) Gecko/20100101 Firefox/32.0"
"loadtest_73",2014/09/04 15:36:24,pc,"Mozilla/5.0 (Windows NT 6.1; WOW64; rv:32.0) Gecko/20100101 Firefox/32.0"
"loadtest_74",2014/09/03 21:26:46,pc,"Mozilla/5.0 (Windows NT 6.3; WOW64) AppleWebKit/537.36 (KHTML, like Gecko) Chrome/37.0.2062.103 Safari/537.36"
"loadtest_74",2014/09/04 09:13:35,pc,"Mozilla/5.0 (Windows NT 6.1; WOW64; rv:32.0) Gecko/20100101 Firefox/32.0"
"loadtest_74",2014/09/04 09:26:32,pc,"Mozilla/5.0 (Windows NT 6.1; WOW64; rv:32.0) Gecko/20100101 Firefox/32.0"
"loadtest_74",2014/09/04 11:16:02,pc,"Mozilla/5.0 (Windows NT 6.1; WOW64; rv:32.0) Gecko/20100101 Firefox/32.0"
"loadtest_74",2014/09/04 11:52:50,pc,"Mozilla/5.0 (Windows NT 6.1; WOW64; rv:32.0) Gecko/20100101 Firefox/32.0"
"loadtest_74",2014/09/04 12:45:42,pc,"Mozilla/5.0 (Windows NT 6.1; WOW64; rv:32.0) Gecko/20100101 Firefox/32.0"
"loadtest_74",2014/09/04 15:20:54,pc,"Mozilla/5.0 (Windows NT 6.1; WOW64; rv:32.0) Gecko/20100101 Firefox/32.0"
"loadtest_74",2014/09/04 15:36:24,pc,"Mozilla/5.0 (Windows NT 6.1; WOW64; rv:32.0) Gecko/20100101 Firefox/32.0"
"loadtest_75",2014/09/03 21:26:46,pc,"Mozilla/5.0 (Windows NT 6.3; WOW64) AppleWebKit/537.36 (KHTML, like Gecko) Chrome/37.0.2062.103 Safari/537.36"
"loadtest_75",2014/09/04 09:13:35,pc,"Mozilla/5.0 (Windows NT 6.1; WOW64; rv:32.0) Gecko/20100101 Firefox/32.0"
"loadtest_75",2014/09/04 09:26:32,pc,"Mozilla/5.0 (Windows NT 6.1; WOW64; rv:32.0) Gecko/20100101 Firefox/32.0"
"loadtest_75",2014/09/04 11:16:02,pc,"Mozilla/5.0 (Windows NT 6.1; WOW64; rv:32.0) Gecko/20100101 Firefox/32.0"
"loadtest_75",2014/09/04 11:52:50,pc,"Mozilla/5.0 (Windows NT 6.1; WOW64; rv:32.0) Gecko/20100101 Firefox/32.0"
"loadtest_75",2014/09/04 12:45:42,pc,"Mozilla/5.0 (Windows NT 6.1; WOW64; rv:32.0) Gecko/20100101 Firefox/32.0"
"loadtest_75",2014/09/04 15:20:54,pc,"Mozilla/5.0 (Windows NT 6.1; WOW64; rv:32.0) Gecko/20100101 Firefox/32.0"
"loadtest_75",2014/09/04 15:36:24,pc,"Mozilla/5.0 (Windows NT 6.1; WOW64; rv:32.0) Gecko/20100101 Firefox/32.0"
"loadtest_76",2014/09/03 21:26:46,pc,"Mozilla/5.0 (Windows NT 6.3; WOW64) AppleWebKit/537.36 (KHTML, like Gecko) Chrome/37.0.2062.103 Safari/537.36"
"loadtest_76",2014/09/04 09:13:35,pc,"Mozilla/5.0 (Windows NT 6.1; WOW64; rv:32.0) Gecko/20100101 Firefox/32.0"
"loadtest_76",2014/09/04 09:26:32,pc,"Mozilla/5.0 (Windows NT 6.1; WOW64; rv:32.0) Gecko/20100101 Firefox/32.0"
"loadtest_76",2014/09/04 11:16:02,pc,"Mozilla/5.0 (Windows NT 6.1; WOW64; rv:32.0) Gecko/20100101 Firefox/32.0"
"loadtest_76",2014/09/04 11:52:50,pc,"Mozilla/5.0 (Windows NT 6.1; WOW64; rv:32.0) Gecko/20100101 Firefox/32.0"
"loadtest_76",2014/09/04 12:45:42,pc,"Mozilla/5.0 (Windows NT 6.1; WOW64; rv:32.0) Gecko/20100101 Firefox/32.0"
"loadtest_76",2014/09/04 15:20:54,pc,"Mozilla/5.0 (Windows NT 6.1; WOW64; rv:32.0) Gecko/20100101 Firefox/32.0"
"loadtest_76",2014/09/04 15:36:24,pc,"Mozilla/5.0 (Windows NT 6.1; WOW64; rv:32.0) Gecko/20100101 Firefox/32.0"
"loadtest_77",2014/09/03 21:26:46,pc,"Mozilla/5.0 (Windows NT 6.3; WOW64) AppleWebKit/537.36 (KHTML, like Gecko) Chrome/37.0.2062.103 Safari/537.36"
"loadtest_77",2014/09/04 09:13:35,pc,"Mozilla/5.0 (Windows NT 6.1; WOW64; rv:32.0) Gecko/20100101 Firefox/32.0"
"loadtest_77",2014/09/04 09:26:32,pc,"Mozilla/5.0 (Windows NT 6.1; WOW64; rv:32.0) Gecko/20100101 Firefox/32.0"
"loadtest_77",2014/09/04 11:16:02,pc,"Mozilla/5.0 (Windows NT 6.1; WOW64; rv:32.0) Gecko/20100101 Firefox/32.0"
"loadtest_77",2014/09/04 11:52:50,pc,"Mozilla/5.0 (Windows NT 6.1; WOW64; rv:32.0) Gecko/20100101 Firefox/32.0"
"loadtest_77",2014/09/04 12:45:42,pc,"Mozilla/5.0 (Windows NT 6.1; WOW64; rv:32.0) Gecko/20100101 Firefox/32.0"
"loadtest_77",2014/09/04 15:20:54,pc,"Mozilla/5.0 (Windows NT 6.1; WOW64; rv:32.0) Gecko/20100101 Firefox/32.0"
"loadtest_77",2014/09/04 15:36:24,pc,"Mozilla/5.0 (Windows NT 6.1; WOW64; rv:32.0) Gecko/20100101 Firefox/32.0"
"loadtest_78",2014/09/03 21:26:46,pc,"Mozilla/5.0 (Windows NT 6.3; WOW64) AppleWebKit/537.36 (KHTML, like Gecko) Chrome/37.0.2062.103 Safari/537.36"
"loadtest_78",2014/09/04 09:13:35,pc,"Mozilla/5.0 (Windows NT 6.1; WOW64; rv:32.0) Gecko/20100101 Firefox/32.0"
"loadtest_78",2014/09/04 09:26:32,pc,"Mozilla/5.0 (Windows NT 6.1; WOW64; rv:32.0) Gecko/20100101 Firefox/32.0"
"loadtest_78",2014/09/04 11:16:02,pc,"Mozilla/5.0 (Windows NT 6.1; WOW64; rv:32.0) Gecko/20100101 Firefox/32.0"
"loadtest_78",2014/09/04 11:52:50,pc,"Mozilla/5.0 (Windows NT 6.1; WOW64; rv:32.0) Gecko/20100101 Firefox/32.0"
"loadtest_78",2014/09/04 12:45:42,pc,"Mozilla/5.0 (Windows NT 6.1; WOW64; rv:32.0) Gecko/20100101 Firefox/32.0"
"loadtest_78",2014/09/04 15:20:54,pc,"Mozilla/5.0 (Windows NT 6.1; WOW64; rv:32.0) Gecko/20100101 Firefox/32.0"
"loadtest_78",2014/09/04 15:36:24,pc,"Mozilla/5.0 (Windows NT 6.1; WOW64; rv:32.0) Gecko/20100101 Firefox/32.0"
"loadtest_79",2014/09/03 21:26:46,pc,"Mozilla/5.0 (Windows NT 6.3; WOW64) AppleWebKit/537.36 (KHTML, like Gecko) Chrome/37.0.2062.103 Safari/537.36"
"loadtest_79",2014/09/04 09:13:35,pc,"Mozilla/5.0 (Windows NT 6.1; WOW64; rv:32.0) Gecko/20100101 Firefox/32.0"
"loadtest_79",2014/09/04 09:26:32,pc,"Mozilla/5.0 (Windows NT 6.1; WOW64; rv:32.0) Gecko/20100101 Firefox/32.0"
"loadtest_79",2014/09/04 11:16:02,pc,"Mozilla/5.0 (Windows NT 6.1; WOW64; rv:32.0) Gecko/20100101 Firefox/32.0"
"loadtest_79",2014/09/04 11:52:50,pc,"Mozilla/5.0 (Windows NT 6.1; WOW64; rv:32.0) Gecko/20100101 Firefox/32.0"
"loadtest_79",2014/09/04 12:45:42,pc,"Mozilla/5.0 (Windows NT 6.1; WOW64; rv:32.0) Gecko/20100101 Firefox/32.0"
"loadtest_79",2014/09/04 15:20:54,pc,"Mozilla/5.0 (Windows NT 6.1; WOW64; rv:32.0) Gecko/20100101 Firefox/32.0"
"loadtest_79",2014/09/04 15:36:24,pc,"Mozilla/5.0 (Windows NT 6.1; WOW64; rv:32.0) Gecko/20100101 Firefox/32.0"
"loadtest_80",2014/09/03 21:26:46,pc,"Mozilla/5.0 (Windows NT 6.3; WOW64) AppleWebKit/537.36 (KHTML, like Gecko) Chrome/37.0.2062.103 Safari/537.36"
"loadtest_80",2014/09/04 09:13:35,pc,"Mozilla/5.0 (Windows NT 6.1; WOW64; rv:32.0) Gecko/20100101 Firefox/32.0"
"loadtest_80",2014/09/04 09:26:32,pc,"Mozilla/5.0 (Windows NT 6.1; WOW64; rv:32.0) Gecko/20100101 Firefox/32.0"
"loadtest_80",2014/09/04 11:16:02,pc,"Mozilla/5.0 (Windows NT 6.1; WOW64; rv:32.0) Gecko/20100101 Firefox/32.0"
"loadtest_80",2014/09/04 11:52:50,pc,"Mozilla/5.0 (Windows NT 6.1; WOW64; rv:32.0) Gecko/20100101 Firefox/32.0"
"loadtest_80",2014/09/04 12:45:42,pc,"Mozilla/5.0 (Windows NT 6.1; WOW64; rv:32.0) Gecko/20100101 Firefox/32.0"
"loadtest_80",2014/09/04 15:20:54,pc,"Mozilla/5.0 (Windows NT 6.1; WOW64; rv:32.0) Gecko/20100101 Firefox/32.0"
"loadtest_80",2014/09/04 15:36:24,pc,"Mozilla/5.0 (Windows NT 6.1; WOW64; rv:32.0) Gecko/20100101 Firefox/32.0"
"loadtest_81",2014/09/03 21:26:46,pc,"Mozilla/5.0 (Windows NT 6.3; WOW64) AppleWebKit/537.36 (KHTML, like Gecko) Chrome/37.0.2062.103 Safari/537.36"
"loadtest_81",2014/09/04 09:13:35,pc,"Mozilla/5.0 (Windows NT 6.1; WOW64; rv:32.0) Gecko/20100101 Firefox/32.0"
"loadtest_81",2014/09/04 09:26:32,pc,"Mozilla/5.0 (Windows NT 6.1; WOW64; rv:32.0) Gecko/20100101 Firefox/32.0"
"loadtest_81",2014/09/04 11:16:02,pc,"Mozilla/5.0 (Windows NT 6.1; WOW64; rv:32.0) Gecko/20100101 Firefox/32.0"
"loadtest_81",2014/09/04 11:52:50,pc,"Mozilla/5.0 (Windows NT 6.1; WOW64; rv:32.0) Gecko/20100101 Firefox/32.0"
"loadtest_81",2014/09/04 12:45:42,pc,"Mozilla/5.0 (Windows NT 6.1; WOW64; rv:32.0) Gecko/20100101 Firefox/32.0"
"loadtest_81",2014/09/04 15:20:54,pc,"Mozilla/5.0 (Windows NT 6.1; WOW64; rv:32.0) Gecko/20100101 Firefox/32.0"
"loadtest_81",2014/09/04 15:36:24,pc,"Mozilla/5.0 (Windows NT 6.1; WOW64; rv:32.0) Gecko/20100101 Firefox/32.0"
"loadtest_82",2014/09/03 21:26:46,pc,"Mozilla/5.0 (Windows NT 6.3; WOW64) AppleWebKit/537.36 (KHTML, like Gecko) Chrome/37.0.2062.103 Safari/537.36"
"loadtest_82",2014/09/04 09:13:35,pc,"Mozilla/5.0 (Windows NT 6.1; WOW64; rv:32.0) Gecko/20100101 Firefox/32.0"
"loadtest_82",2014/09/04 09:26:32,pc,"Mozilla/5.0 (Windows NT 6.1; WOW64; rv:32.0) Gecko/20100101 Firefox/32.0"
"loadtest_82",2014/09/04 11:16:02,pc,"Mozilla/5.0 (Windows NT 6.1; WOW64; rv:32.0) Gecko/20100101 Firefox/32.0"
"loadtest_82",2014/09/04 11:52:50,pc,"Mozilla/5.0 (Windows NT 6.1; WOW64; rv:32.0) Gecko/20100101 Firefox/32.0"
"loadtest_82",2014/09/04 12:45:42,pc,"Mozilla/5.0 (Windows NT 6.1; WOW64; rv:32.0) Gecko/20100101 Firefox/32.0"
"loadtest_82",2014/09/04 15:20:54,pc,"Mozilla/5.0 (Windows NT 6.1; WOW64; rv:32.0) Gecko/20100101 Firefox/32.0"
"loadtest_82",2014/09/04 15:36:24,pc,"Mozilla/5.0 (Windows NT 6.1; WOW64; rv:32.0) Gecko/20100101 Firefox/32.0"
"loadtest_83",2014/09/03 21:26:46,pc,"Mozilla/5.0 (Windows NT 6.3; WOW64) AppleWebKit/537.36 (KHTML, like Gecko) Chrome/37.0.2062.103 Safari/537.36"
"loadtest_83",2014/09/04 09:13:35,pc,"Mozilla/5.0 (Windows NT 6.1; WOW64; rv:32.0) Gecko/20100101 Firefox/32.0"
"loadtest_83",2014/09/04 09:26:32,pc,"Mozilla/5.0 (Windows NT 6.1; WOW64; rv:32.0) Gecko/20100101 Firefox/32.0"
"loadtest_83",2014/09/04 11:16:02,pc,"Mozilla/5.0 (Windows NT 6.1; WOW64; rv:32.0) Gecko/20100101 Firefox/32.0"
"loadtest_83",2014/09/04 11:52:50,pc,"Mozilla/5.0 (Windows NT 6.1; WOW64; rv:32.0) Gecko/20100101 Firefox/32.0"
"loadtest_83",2014/09/04 12:45:42,pc,"Mozilla/5.0 (Windows NT 6.1; WOW64; rv:32.0) Gecko/20100101 Firefox/32.0"
"loadtest_83",2014/09/04 15:20:54,pc,"Mozilla/5.0 (Windows NT 6.1; WOW64; rv:32.0) Gecko/20100101 Firefox/32.0"
"loadtest_83",2014/09/04 15:36:24,pc,"Mozilla/5.0 (Windows NT 6.1; WOW64; rv:32.0) Gecko/20100101 Firefox/32.0"
"loadtest_84",2014/09/03 21:26:46,pc,"Mozilla/5.0 (Windows NT 6.3; WOW64) AppleWebKit/537.36 (KHTML, like Gecko) Chrome/37.0.2062.103 Safari/537.36"
"loadtest_84",2014/09/04 09:13:35,pc,"Mozilla/5.0 (Windows NT 6.1; WOW64; rv:32.0) Gecko/20100101 Firefox/32.0"
"loadtest_84",2014/09/04 09:26:32,pc,"Mozilla/5.0 (Windows NT 6.1; WOW64; rv:32.0) Gecko/20100101 Firefox/32.0"
"loadtest_84",2014/09/04 11:16:02,pc,"Mozilla/5.0 (Windows NT 6.1; WOW64; rv:32.0) Gecko/20100101 Firefox/32.0"
"loadtest_84",2014/09/04 11:52:50,pc,"Mozilla/5.0 (Windows NT 6.1; WOW64; rv:32.0) Gecko/20100101 Firefox/32.0"
"loadtest_84",2014/09/04 12:45:42,pc,"Mozilla/5.0 (Windows NT 6.1; WOW64; rv:32.0) Gecko/20100101 Firefox/32.0"
"loadtest_84",2014/09/04 15:20:54,pc,"Mozilla/5.0 (Windows NT 6.1; WOW64; rv:32.0) Gecko/20100101 Firefox/32.0"
"loadtest_84",2014/09/04 15:36:24,pc,"Mozilla/5.0 (Windows NT 6.1; WOW64; rv:32.0) Gecko/20100101 Firefox/32.0"
"loadtest_85",2014/09/03 21:26:46,pc,"Mozilla/5.0 (Windows NT 6.3; WOW64) AppleWebKit/537.36 (KHTML, like Gecko) Chrome/37.0.2062.103 Safari/537.36"
"loadtest_85",2014/09/04 09:13:35,pc,"Mozilla/5.0 (Windows NT 6.1; WOW64; rv:32.0) Gecko/20100101 Firefox/32.0"
"loadtest_85",2014/09/04 09:26:32,pc,"Mozilla/5.0 (Windows NT 6.1; WOW64; rv:32.0) Gecko/20100101 Firefox/32.0"
"loadtest_85",2014/09/04 11:16:02,pc,"Mozilla/5.0 (Windows NT 6.1; WOW64; rv:32.0) Gecko/20100101 Firefox/32.0"
"loadtest_85",2014/09/04 11:52:50,pc,"Mozilla/5.0 (Windows NT 6.1; WOW64; rv:32.0) Gecko/20100101 Firefox/32.0"
"loadtest_85",2014/09/04 12:45:42,pc,"Mozilla/5.0 (Windows NT 6.1; WOW64; rv:32.0) Gecko/20100101 Firefox/32.0"
"loadtest_85",2014/09/04 15:20:54,pc,"Mozilla/5.0 (Windows NT 6.1; WOW64; rv:32.0) Gecko/20100101 Firefox/32.0"
"loadtest_85",2014/09/04 15:36:24,pc,"Mozilla/5.0 (Windows NT 6.1; WOW64; rv:32.0) Gecko/20100101 Firefox/32.0"
"loadtest_86",2014/09/03 21:26:46,pc,"Mozilla/5.0 (Windows NT 6.3; WOW64) AppleWebKit/537.36 (KHTML, like Gecko) Chrome/37.0.2062.103 Safari/537.36"
"loadtest_86",2014/09/04 09:13:35,pc,"Mozilla/5.0 (Windows NT 6.1; WOW64; rv:32.0) Gecko/20100101 Firefox/32.0"
"loadtest_86",2014/09/04 09:26:32,pc,"Mozilla/5.0 (Windows NT 6.1; WOW64; rv:32.0) Gecko/20100101 Firefox/32.0"
"loadtest_86",2014/09/04 11:16:02,pc,"Mozilla/5.0 (Windows NT 6.1; WOW64; rv:32.0) Gecko/20100101 Firefox/32.0"
"loadtest_86",2014/09/04 11:52:50,pc,"Mozilla/5.0 (Windows NT 6.1; WOW64; rv:32.0) Gecko/20100101 Firefox/32.0"
"loadtest_86",2014/09/04 12:45:42,pc,"Mozilla/5.0 (Windows NT 6.1; WOW64; rv:32.0) Gecko/20100101 Firefox/32.0"
"loadtest_86",2014/09/04 15:20:54,pc,"Mozilla/5.0 (Windows NT 6.1; WOW64; rv:32.0) Gecko/20100101 Firefox/32.0"
"loadtest_86",2014/09/04 15:36:24,pc,"Mozilla/5.0 (Windows NT 6.1; WOW64; rv:32.0) Gecko/20100101 Firefox/32.0"
"loadtest_87",2014/09/03 21:26:46,pc,"Mozilla/5.0 (Windows NT 6.3; WOW64) AppleWebKit/537.36 (KHTML, like Gecko) Chrome/37.0.2062.103 Safari/537.36"
"loadtest_87",2014/09/04 09:13:35,pc,"Mozilla/5.0 (Windows NT 6.1; WOW64; rv:32.0) Gecko/20100101 Firefox/32.0"
"loadtest_87",2014/09/04 09:26:32,pc,"Mozilla/5.0 (Windows NT 6.1; WOW64; rv:32.0) Gecko/20100101 Firefox/32.0"
"loadtest_87",2014/09/04 11:16:02,pc,"Mozilla/5.0 (Windows NT 6.1; WOW64; rv:32.0) Gecko/20100101 Firefox/32.0"
"loadtest_87",2014/09/04 11:52:50,pc,"Mozilla/5.0 (Windows NT 6.1; WOW64; rv:32.0) Gecko/20100101 Firefox/32.0"
"loadtest_87",2014/09/04 12:45:42,pc,"Mozilla/5.0 (Windows NT 6.1; WOW64; rv:32.0) Gecko/20100101 Firefox/32.0"
"loadtest_87",2014/09/04 15:20:54,pc,"Mozilla/5.0 (Windows NT 6.1; WOW64; rv:32.0) Gecko/20100101 Firefox/32.0"
"loadtest_87",2014/09/04 15:36:24,pc,"Mozilla/5.0 (Windows NT 6.1; WOW64; rv:32.0) Gecko/20100101 Firefox/32.0"
"loadtest_88",2014/09/03 21:26:46,pc,"Mozilla/5.0 (Windows NT 6.3; WOW64) AppleWebKit/537.36 (KHTML, like Gecko) Chrome/37.0.2062.103 Safari/537.36"
"loadtest_88",2014/09/04 09:13:35,pc,"Mozilla/5.0 (Windows NT 6.1; WOW64; rv:32.0) Gecko/20100101 Firefox/32.0"
"loadtest_88",2014/09/04 09:26:32,pc,"Mozilla/5.0 (Windows NT 6.1; WOW64; rv:32.0) Gecko/20100101 Firefox/32.0"
"loadtest_88",2014/09/04 11:16:02,pc,"Mozilla/5.0 (Windows NT 6.1; WOW64; rv:32.0) Gecko/20100101 Firefox/32.0"
"loadtest_88",2014/09/04 11:52:50,pc,"Mozilla/5.0 (Windows NT 6.1; WOW64; rv:32.0) Gecko/20100101 Firefox/32.0"
"loadtest_88",2014/09/04 12:45:42,pc,"Mozilla/5.0 (Windows NT 6.1; WOW64; rv:32.0) Gecko/20100101 Firefox/32.0"
"loadtest_88",2014/09/04 15:20:54,pc,"Mozilla/5.0 (Windows NT 6.1; WOW64; rv:32.0) Gecko/20100101 Firefox/32.0"
"loadtest_88",2014/09/04 15:36:24,pc,"Mozilla/5.0 (Windows NT 6.1; WOW64; rv:32.0) Gecko/20100101 Firefox/32.0"
"loadtest_89",2014/09/03 21:26:46,pc,"Mozilla/5.0 (Windows NT 6.3; WOW64) AppleWebKit/537.36 (KHTML, like Gecko) Chrome/37.0.2062.103 Safari/537.36"
"loadtest_89",2014/09/04 09:13:35,pc,"Mozilla/5.0 (Windows NT 6.1; WOW64; rv:32.0) Gecko/20100101 Firefox/32.0"
"loadtest_89",2014/09/04 09:26:32,pc,"Mozilla/5.0 (Windows NT 6.1; WOW64; rv:32.0) Gecko/20100101 Firefox/32.0"
"loadtest_89",2014/09/04 11:16:02,pc,"Mozilla/5.0 (Windows NT 6.1; WOW64; rv:32.0) Gecko/20100101 Firefox/32.0"
"loadtest_89",2014/09/04 11:52:50,pc,"Mozilla/5.0 (Windows NT 6.1; WOW64; rv:32.0) Gecko/20100101 Firefox/32.0"
"loadtest_89",2014/09/04 12:45:42,pc,"Mozilla/5.0 (Windows NT 6.1; WOW64; rv:32.0) Gecko/20100101 Firefox/32.0"
"loadtest_89",2014/09/04 15:20:54,pc,"Mozilla/5.0 (Windows NT 6.1; WOW64; rv:32.0) Gecko/20100101 Firefox/32.0"
"loadtest_89",2014/09/04 15:36:24,pc,"Mozilla/5.0 (Windows NT 6.1; WOW64; rv:32.0) Gecko/20100101 Firefox/32.0"
"loadtest_90",2014/09/03 21:26:46,pc,"Mozilla/5.0 (Windows NT 6.3; WOW64) AppleWebKit/537.36 (KHTML, like Gecko) Chrome/37.0.2062.103 Safari/537.36"
"loadtest_90",2014/09/04 09:13:35,pc,"Mozilla/5.0 (Windows NT 6.1; WOW64; rv:32.0) Gecko/20100101 Firefox/32.0"
"loadtest_90",2014/09/04 09:26:32,pc,"Mozilla/5.0 (Windows NT 6.1; WOW64; rv:32.0) Gecko/20100101 Firefox/32.0"
"loadtest_90",2014/09/04 11:16:02,pc,"Mozilla/5.0 (Windows NT 6.1; WOW64; rv:32.0) Gecko/20100101 Firefox/32.0"
"loadtest_90",2014/09/04 11:52:50,pc,"Mozilla/5.0 (Windows NT 6.1; WOW64; rv:32.0) Gecko/20100101 Firefox/32.0"
"loadtest_90",2014/09/04 12:45:42,pc,"Mozilla/5.0 (Windows NT 6.1; WOW64; rv:32.0) Gecko/20100101 Firefox/32.0"
"loadtest_90",2014/09/04 15:20:54,pc,"Mozilla/5.0 (Windows NT 6.1; WOW64; rv:32.0) Gecko/20100101 Firefox/32.0"
"loadtest_90",2014/09/04 15:36:24,pc,"Mozilla/5.0 (Windows NT 6.1; WOW64; rv:32.0) Gecko/20100101 Firefox/32.0"
"loadtest_91",2014/09/03 21:26:46,pc,"Mozilla/5.0 (Windows NT 6.3; WOW64) AppleWebKit/537.36 (KHTML, like Gecko) Chrome/37.0.2062.103 Safari/537.36"
"loadtest_91",2014/09/04 09:13:35,pc,"Mozilla/5.0 (Windows NT 6.1; WOW64; rv:32.0) Gecko/20100101 Firefox/32.0"
"loadtest_91",2014/09/04 09:26:32,pc,"Mozilla/5.0 (Windows NT 6.1; WOW64; rv:32.0) Gecko/20100101 Firefox/32.0"
"loadtest_91",2014/09/04 11:16:02,pc,"Mozilla/5.0 (Windows NT 6.1; WOW64; rv:32.0) Gecko/20100101 Firefox/32.0"
"loadtest_91",2014/09/04 11:52:50,pc,"Mozilla/5.0 (Windows NT 6.1; WOW64; rv:32.0) Gecko/20100101 Firefox/32.0"
"loadtest_91",2014/09/04 12:45:42,pc,"Mozilla/5.0 (Windows NT 6.1; WOW64; rv:32.0) Gecko/20100101 Firefox/32.0"
"loadtest_91",2014/09/04 15:20:54,pc,"Mozilla/5.0 (Windows NT 6.1; WOW64; rv:32.0) Gecko/20100101 Firefox/32.0"
"loadtest_91",2014/09/04 15:36:24,pc,"Mozilla/5.0 (Windows NT 6.1; WOW64; rv:32.0) Gecko/20100101 Firefox/32.0"
"loadtest_92",2014/09/03 21:26:46,pc,"Mozilla/5.0 (Windows NT 6.3; WOW64) AppleWebKit/537.36 (KHTML, like Gecko) Chrome/37.0.2062.103 Safari/537.36"
"loadtest_92",2014/09/04 09:13:35,pc,"Mozilla/5.0 (Windows NT 6.1; WOW64; rv:32.0) Gecko/20100101 Firefox/32.0"
"loadtest_92",2014/09/04 09:26:32,pc,"Mozilla/5.0 (Windows NT 6.1; WOW64; rv:32.0) Gecko/20100101 Firefox/32.0"
"loadtest_92",2014/09/04 11:16:02,pc,"Mozilla/5.0 (Windows NT 6.1; WOW64; rv:32.0) Gecko/20100101 Firefox/32.0"
"loadtest_92",2014/09/04 11:52:50,pc,"Mozilla/5.0 (Windows NT 6.1; WOW64; rv:32.0) Gecko/20100101 Firefox/32.0"
"loadtest_92",2014/09/04 12:45:42,pc,"Mozilla/5.0 (Windows NT 6.1; WOW64; rv:32.0) Gecko/20100101 Firefox/32.0"
"loadtest_92",2014/09/04 15:20:54,pc,"Mozilla/5.0 (Windows NT 6.1; WOW64; rv:32.0) Gecko/20100101 Firefox/32.0"
"loadtest_92",2014/09/04 15:36:24,pc,"Mozilla/5.0 (Windows NT 6.1; WOW64; rv:32.0) Gecko/20100101 Firefox/32.0"
"loadtest_93",2014/09/03 21:26:46,pc,"Mozilla/5.0 (Windows NT 6.3; WOW64) AppleWebKit/537.36 (KHTML, like Gecko) Chrome/37.0.2062.103 Safari/537.36"
"loadtest_93",2014/09/04 09:13:35,pc,"Mozilla/5.0 (Windows NT 6.1; WOW64; rv:32.0) Gecko/20100101 Firefox/32.0"
"loadtest_93",2014/09/04 09:26:32,pc,"Mozilla/5.0 (Windows NT 6.1; WOW64; rv:32.0) Gecko/20100101 Firefox/32.0"
"loadtest_93",2014/09/04 11:16:02,pc,"Mozilla/5.0 (Windows NT 6.1; WOW64; rv:32.0) Gecko/20100101 Firefox/32.0"
"loadtest_93",2014/09/04 11:52:50,pc,"Mozilla/5.0 (Windows NT 6.1; WOW64; rv:32.0) Gecko/20100101 Firefox/32.0"
"loadtest_93",2014/09/04 12:45:42,pc,"Mozilla/5.0 (Windows NT 6.1; WOW64; rv:32.0) Gecko/20100101 Firefox/32.0"
"loadtest_93",2014/09/04 15:20:54,pc,"Mozilla/5.0 (Windows NT 6.1; WOW64; rv:32.0) Gecko/20100101 Firefox/32.0"
"loadtest_93",2014/09/04 15:36:24,pc,"Mozilla/5.0 (Windows NT 6.1; WOW64; rv:32.0) Gecko/20100101 Firefox/32.0"
"loadtest_94",2014/09/03 21:26:46,pc,"Mozilla/5.0 (Windows NT 6.3; WOW64) AppleWebKit/537.36 (KHTML, like Gecko) Chrome/37.0.2062.103 Safari/537.36"
"loadtest_94",2014/09/04 09:13:35,pc,"Mozilla/5.0 (Windows NT 6.1; WOW64; rv:32.0) Gecko/20100101 Firefox/32.0"
"loadtest_94",2014/09/04 09:26:32,pc,"Mozilla/5.0 (Windows NT 6.1; WOW64; rv:32.0) Gecko/20100101 Firefox/32.0"
"loadtest_94",2014/09/04 11:16:02,pc,"Mozilla/5.0 (Windows NT 6.1; WOW64; rv:32.0) Gecko/20100101 Firefox/32.0"
"loadtest_94",2014/09/04 11:52:50,pc,"Mozilla/5.0 (Windows NT 6.1; WOW64; rv:32.0) Gecko/20100101 Firefox/32.0"
"loadtest_94",2014/09/04 12:45:42,pc,"Mozilla/5.0 (Windows NT 6.1; WOW64; rv:32.0) Gecko/20100101 Firefox/32.0"
"loadtest_94",2014/09/04 15:20:54,pc,"Mozilla/5.0 (Windows NT 6.1; WOW64; rv:32.0) Gecko/20100101 Firefox/32.0"
"loadtest_94",2014/09/04 15:36:24,pc,"Mozilla/5.0 (Windows NT 6.1; WOW64; rv:32.0) Gecko/20100101 Firefox/32.0"
"loadtest_95",2014/09/03 21:26:46,pc,"Mozilla/5.0 (Windows NT 6.3; WOW64) AppleWebKit/537.36 (KHTML, like Gecko) Chrome/37.0.2062.103 Safari/537.36"
"loadtest_95",2014/09/04 09:13:35,pc,"Mozilla/5.0 (Windows NT 6.1; WOW64; rv:32.0) Gecko/20100101 Firefox/32.0"
"loadtest_95",2014/09/04 09:26:32,pc,"Mozilla/5.0 (Windows NT 6.1; WOW64; rv:32.0) Gecko/20100101 Firefox/32.0"
"loadtest_95",2014/09/04 11:16:02,pc,"Mozilla/5.0 (Windows NT 6.1; WOW64; rv:32.0) Gecko/20100101 Firefox/32.0"
"loadtest_95",2014/09/04 11:52:50,pc,"Mozilla/5.0 (Windows NT 6.1; WOW64; rv:32.0) Gecko/20100101 Firefox/32.0"
"loadtest_95",2014/09/04 12:45:42,pc,"Mozilla/5.0 (Windows NT 6.1; WOW64; rv:32.0) Gecko/20100101 Firefox/32.0"
"loadtest_95",2014/09/04 15:20:54,pc,"Mozilla/5.0 (Windows NT 6.1; WOW64; rv:32.0) Gecko/20100101 Firefox/32.0"
"loadtest_95",2014/09/04 15:36:24,pc,"Mozilla/5.0 (Windows NT 6.1; WOW64; rv:32.0) Gecko/20100101 Firefox/32.0"
"loadtest_96",2014/09/03 21:26:46,pc,"Mozilla/5.0 (Windows NT 6.3; WOW64) AppleWebKit/537.36 (KHTML, like Gecko) Chrome/37.0.2062.103 Safari/537.36"
"loadtest_96",2014/09/04 09:13:35,pc,"Mozilla/5.0 (Windows NT 6.1; WOW64; rv:32.0) Gecko/20100101 Firefox/32.0"
"loadtest_96",2014/09/04 09:26:32,pc,"Mozilla/5.0 (Windows NT 6.1; WOW64; rv:32.0) Gecko/20100101 Firefox/32.0"
"loadtest_96",2014/09/04 11:16:02,pc,"Mozilla/5.0 (Windows NT 6.1; WOW64; rv:32.0) Gecko/20100101 Firefox/32.0"
"loadtest_96",2014/09/04 11:52:50,pc,"Mozilla/5.0 (Windows NT 6.1; WOW64; rv:32.0) Gecko/20100101 Firefox/32.0"
"loadtest_96",2014/09/04 12:45:42,pc,"Mozilla/5.0 (Windows NT 6.1; WOW64; rv:32.0) Gecko/20100101 Firefox/32.0"
"loadtest_96",2014/09/04 15:20:54,pc,"Mozilla/5.0 (Windows NT 6.1; WOW64; rv:32.0) Gecko/20100101 Firefox/32.0"
"loadtest_96",2014/09/04 15:36:24,pc,"Mozilla/5.0 (Windows NT 6.1; WOW64; rv:32.0) Gecko/20100101 Firefox/32.0"
"loadtest_97",2014/09/03 21:26:46,pc,"Mozilla/5.0 (Windows NT 6.3; WOW64) AppleWebKit/537.36 (KHTML, like Gecko) Chrome/37.0.2062.103 Safari/537.36"
"loadtest_97",2014/09/04 09:13:35,pc,"Mozilla/5.0 (Windows NT 6.1; WOW64; rv:32.0) Gecko/20100101 Firefox/32.0"
"loadtest_97",2014/09/04 09:26:32,pc,"Mozilla/5.0 (Windows NT 6.1; WOW64; rv:32.0) Gecko/20100101 Firefox/32.0"
"loadtest_97",2014/09/04 11:16:02,pc,"Mozilla/5.0 (Windows NT 6.1; WOW64; rv:32.0) Gecko/20100101 Firefox/32.0"
"loadtest_97",2014/09/04 11:52:50,pc,"Mozilla/5.0 (Windows NT 6.1; WOW64; rv:32.0) Gecko/20100101 Firefox/32.0"
"loadtest_97",2014/09/04 12:45:42,pc,"Mozilla/5.0 (Windows NT 6.1; WOW64; rv:32.0) Gecko/20100101 Firefox/32.0"
"loadtest_97",2014/09/04 15:20:54,pc,"Mozilla/5.0 (Windows NT 6.1; WOW64; rv:32.0) Gecko/20100101 Firefox/32.0"
"loadtest_97",2014/09/04 15:36:24,pc,"Mozilla/5.0 (Windows NT 6.1; WOW64; rv:32.0) Gecko/20100101 Firefox/32.0"
"loadtest_98",2014/09/03 21:26:46,pc,"Mozilla/5.0 (Windows NT 6.3; WOW64) AppleWebKit/537.36 (KHTML, like Gecko) Chrome/37.0.2062.103 Safari/537.36"
"loadtest_98",2014/09/04 09:13:35,pc,"Mozilla/5.0 (Windows NT 6.1; WOW64; rv:32.0) Gecko/20100101 Firefox/32.0"
"loadtest_98",2014/09/04 09:26:32,pc,"Mozilla/5.0 (Windows NT 6.1; WOW64; rv:32.0) Gecko/20100101 Firefox/32.0"
"loadtest_98",2014/09/04 11:16:02,pc,"Mozilla/5.0 (Windows NT 6.1; WOW64; rv:32.0) Gecko/20100101 Firefox/32.0"
"loadtest_98",2014/09/04 11:52:50,pc,"Mozilla/5.0 (Windows NT 6.1; WOW64; rv:32.0) Gecko/20100101 Firefox/32.0"
"loadtest_98",2014/09/04 12:45:42,pc,"Mozilla/5.0 (Windows NT 6.1; WOW64; rv:32.0) Gecko/20100101 Firefox/32.0"
"loadtest_98",2014/09/04 15:20:54,pc,"Mozilla/5.0 (Windows NT 6.1; WOW64; rv:32.0) Gecko/20100101 Firefox/32.0"
"loadtest_98",2014/09/04 15:36:24,pc,"Mozilla/5.0 (Windows NT 6.1; WOW64; rv:32.0) Gecko/20100101 Firefox/32.0"
"loadtest_99",2014/09/03 21:26:46,pc,"Mozilla/5.0 (Windows NT 6.3; WOW64) AppleWebKit/537.36 (KHTML, like Gecko) Chrome/37.0.2062.103 Safari/537.36"
"loadtest_99",2014/09/04 09:13:35,pc,"Mozilla/5.0 (Windows NT 6.1; WOW64; rv:32.0) Gecko/20100101 Firefox/32.0"
"loadtest_99",2014/09/04 09:26:32,pc,"Mozilla/5.0 (Windows NT 6.1; WOW64; rv:32.0) Gecko/20100101 Firefox/32.0"
"loadtest_99",2014/09/04 11:16:02,pc,"Mozilla/5.0 (Windows NT 6.1; WOW64; rv:32.0) Gecko/20100101 Firefox/32.0"
"loadtest_99",2014/09/04 11:52:50,pc,"Mozilla/5.0 (Windows NT 6.1; WOW64; rv:32.0) Gecko/20100101 Firefox/32.0"
"loadtest_99",2014/09/04 12:45:42,pc,"Mozilla/5.0 (Windows NT 6.1; WOW64; rv:32.0) Gecko/20100101 Firefox/32.0"
"loadtest_99",2014/09/04 15:20:54,pc,"Mozilla/5.0 (Windows NT 6.1; WOW64; rv:32.0) Gecko/20100101 Firefox/32.0"
"loadtest_99",2014/09/04 15:36:24,pc,"Mozilla/5.0 (Windows NT 6.1; WOW64; rv:32.0) Gecko/20100101 Firefox/32.0"
"loadtest_100",2014/09/03 21:26:46,pc,"Mozilla/5.0 (Windows NT 6.3; WOW64) AppleWebKit/537.36 (KHTML, like Gecko) Chrome/37.0.2062.103 Safari/537.36"
"loadtest_100",2014/09/04 09:26:32,pc,"Mozilla/5.0 (Windows NT 6.1; WOW64; rv:32.0) Gecko/20100101 Firefox/32.0"
"loadtest_100",2014/09/04 11:16:02,pc,"Mozilla/5.0 (Windows NT 6.1; WOW64; rv:32.0) Gecko/20100101 Firefox/32.0"
"loadtest_100",2014/09/04 11:52:50,pc,"Mozilla/5.0 (Windows NT 6.1; WOW64; rv:32.0) Gecko/20100101 Firefox/32.0"
"loadtest_100",2014/09/04 12:45:42,pc,"Mozilla/5.0 (Windows NT 6.1; WOW64; rv:32.0) Gecko/20100101 Firefox/32.0"
"loadtest_100",2014/09/04 15:20:54,pc,"Mozilla/5.0 (Windows NT 6.1; WOW64; rv:32.0) Gecko/20100101 Firefox/32.0"
"loadtest_100",2014/09/04 15:36:24,pc,"Mozilla/5.0 (Windows NT 6.1; WOW64; rv:32.0) Gecko/20100101 Firefox/32.0"
"lecturer",2014/09/04 15:57:21,pc,"Mozilla/4.0 (compatible; MSIE 8.0; Windows NT 6.1; Trident/4.0; SLCC2; .NET CLR 2.0.50727; .NET CLR 3.5.30729; .NET CLR 3.0.30729; Media Center PC 6.0; .NET4.0C; .NET4.0E)"
"lecturer",2014/09/06 09:45:49,pc,"Mozilla/5.0 (Macintosh; Intel Mac OS X 10_9_4) AppleWebKit/537.78.2 (KHTML, like Gecko) Version/7.0.6 Safari/537.78.2"
"lecturer",2014/09/06 10:12:28,pc,"Mozilla/5.0 (Macintosh; Intel Mac OS X 10_9_4) AppleWebKit/537.78.2 (KHTML, like Gecko) Version/7.0.6 Safari/537.78.2"
"fe445656",2014/09/04 15:57:32,pc,"Mozilla/4.0 (compatible; MSIE 8.0; Windows NT 6.1; Trident/4.0; SLCC2; .NET CLR 2.0.50727; .NET CLR 3.5.30729; .NET CLR 3.0.30729; Media Center PC 6.0; .NET4.0C; .NET4.0E)"
"fe445656",2014/09/05 17:08:18,pc,"Mozilla/4.0 (compatible; MSIE 8.0; Windows NT 6.1; Trident/4.0; SLCC2; .NET CLR 2.0.50727; .NET CLR 3.5.30729; .NET CLR 3.0.30729; Media Center PC 6.0; .NET4.0C; .NET4.0E)"
"stu01",2014/09/06 09:45:55,pc,"Mozilla/5.0 (Macintosh; Intel Mac OS X 10_9_4) AppleWebKit/537.78.2 (KHTML, like Gecko) Version/7.0.6 Safari/537.78.2"
"stu01",2014/09/06 09:46:01,pc,"Mozilla/5.0 (Macintosh; Intel Mac OS X 10_9_4) AppleWebKit/537.78.2 (KHTML, like Gecko) Version/7.0.6 Safari/537.78.2"
"i'mFile",2014/09/06 09:46:07,pc,"Mozilla/5.0 (Macintosh; Intel Mac OS X 10_9_4) AppleWebKit/537.78.2 (KHTML, like Gecko) Version/7.0.6 Safari/537.78.2"
"i'mFile,too",2014/09/06 10:14:12,pc,"Mozilla/5.0 (Macintosh; Intel Mac OS X 10_9_4) AppleWebKit/537.78.2 (KHTML, like Gecko) Version/7.0.6 Safari/537.78.2"
"i'mFile,too",2014/09/06 10:14:42,pc,"Mozilla/5.0 (Macintosh; Intel Mac OS X 10_9_4) AppleWebKit/537.78.2 (KHTML, like Gecko) Version/7.0.6 Safari/537.78.2"
"i'mFile,too",2014/09/06 10:14:43,pc,"Mozilla/5.0 (Macintosh; Intel Mac OS X 10_9_4) AppleWebKit/537.78.2 (KHTML, like Gecko) Version/7.0.6 Safari/537.78.2"
"double"aaa"",2014/09/06 10:14:51,pc,"Mozilla/5.0 (Macintosh; Intel Mac OS X 10_9_4) AppleWebKit/537.78.2 (KHTML, like Gecko) Version/7.0.6 Safari/537.78.2"
"double"aaa"",2014/09/06 10:15:40,pc,"Mozilla/5.0 (Macintosh; Intel Mac OS X 10.9; rv:32.0) Gecko/20100101 Firefox/32.0"
